Workbook

Sheet ENERO
D1: PUESTOS DE VACUNACIÓN ACTIVOS | O1: PUESTOS DE VACUNACIÓN QUE NOTIFICARON | Z1: PORCENTAJE DE PUESTOS DE VACUNACIÓN NOTIFICANTES | KH1: POBLACIÓN INDÍGENA | KM1: POBLACIÓN INDÍGENA | KR1: POBLACIÓN INDÍGENA
D2: CP1 | E2: CP2 | F2: CP3 | G2: HOSPITAL | H2: CDI | I2: IVSS | J2: I.P.A.S.M.E | K2: SANIDAD MILITAR | L2: PRIVADO | M2: OTROS | N2: N° PUESTOS DE VACUNACIÓN ACTIVOS | O2: CP1 | P2: CP2 | Q2: CP3 | R2: HOSPITAL | S2: CDI | T2: IVSS | U2: I.P.A.S.M.E | V2: SANIDAD MILITAR | W2: PRIVADO | X2: OTROS | Y2: N° PUESTOS DE VACUNACIÓN NOTIFICANTES | Z2: CP1 | AA2: CP2 | AB2: CP3 | AC2: HOSPITAL | AD2: CDI | AE2: IVSS | AF2: I.P.A.S.M.E | AG2: SANIDAD MILITAR | AH2: PRIVADO | AI2: OTROS | AJ2: % PUESTOS DE VACUNACIÓN NOTIFICANTES | AK2: NACIDOS VIVOS REPORTADOS | AL2: BCG | AU2: HEPATITIS B | BA2: HEPATITIS B | BE2: HEPATITIS B | BI2: HEPATITIS B | BM2: HEPATITIS B | BQ2: HEPATITIS B | BV2: ROTAVIRUS | BZ2: PENTA VALENTE | CC2: PENTA VALENTE | CG2: PENTA VALENTE | CK2: PENTA VALENTE | CO2: PENTA VALENTE | CS2: PENTA VALENTE | CX2: PENTA VALENTE | DD2: POLIO INACTIVA | DG2: POLIO ORAL | DI2: POLIO | DN2: POLIO | DS2: POLIO | DX2: POLIO | EC2: POLIO | EL2: NEUMOCOCO CONJUGADA | EP2: INFLUENZA ESTACIONAL | EZ2: FIEBRE AMARILLA | FI2: SRP | FT2: SR | GJ2: SRP / SR | GQ2: TOTAL | GR2: VPH | GT2: TOXOIDE TETÁNICO DIFTÉRICO | HD2: TOXOIDE TETÁNICO DIFTÉRICO | HM2: TOXOIDE TETÁNICO DIFTÉRICO | HT2: NEUMOCOCO POLISACARIDA | HW2: MENINGOCÓCICA B-C | ID2: RABIA HUMANA | IO2: TOTAL DOSIS ADMINISTRADAS | IP2: PERSONAS VACUNADAS SEGÚN GRUPO DE EDAD Y SEXO | JD2: TOTAL POR SEXO | JF2: TOTAL PERSONAS VACUNADAS SEGÚN GRUPO DE EDAD Y SEXO | JG2: VIAJEROS INTERNACIONALES VACUNADOS SEGÚN BIOLÓGICO | JL2: TOTAL DE VIAJEROS INTERNACINNALES VACUNADOS SEGÚN BIOLÓGICO | JM2: CERTIFICADOS DE FIEBRE AMARILLA | JO2: TOTAL DE CERTIFICADOS INTERNACIONALES | JP2: DOSIS PERDIDAS | KG2: TOTAL DOSIS PERDIDAS | KH2: BCG | KI2: HEPATITIS B | KJ2: HEPATITIS B (Ped) | KK2: ROTAVIRUS | KL2: PENTA VALENTE | KM2: POLIO INACTIVA | KN2: POLIO ORAL | KO2: NEUMOCOCO CONJUGADA | KP2: INFLUENZA ESTACIONAL | KQ2: FIEBRE AMARILLA | KR2: SRP | KS2: SR | KT2: TOXOIDE TETÁNICO DIFTÉRICO | KU2: NEUMOCOCO POLISACÁRIDA | KV2: MENINGOCÓCICA B-C | KW2: RABIA HUMANA | KX2: VPH | KY2: TOTAL DOSIS ADMINISTRADAS | KZ2: TOTAL PERSONAS VACUNADAS (POBLACIÓN INDIGENA) | LA2: SUERO ANTIRRÁBICO HUMANO | LM2: SUERO ANTIOFÍDICO POLIVALENTE | LR2: SUERO ANTITETÁNICO | LX2: SUERO ANTIESCORPIÓNICO | MB2: ANTITOXINA DIFTÉRICA | ME2: SUERO ANTIHEPATITIS B | MI2: PPD
AT3: TOTAL | AU3: HEPATITIS B (PEDIATRICA) | AW3: PERSONAL DE SALUD | BA3: PACIENTES EN DIÁLISIS | BE3: PRIVADOS DE LIBERTAD | BI3: TRABAJADORES SEXUALES | BM3: EMBARAZADAS | BU3: TOTAL | BY3: TOTAL | DC3: TOTAL | DF3: TOTAL | DI3: 1 A. | DN3: 2 A. | DS3: 3 A. | DX3: 4 A. | EC3: 5 A. | EI3: IPV | EJ3: TOTAL IPV | EK3: TOTAL bOPV | EO3: TOTAL | ET3: E. CRÓNICOS | EU3: PERS. SALUD | EV3: EMBARAZADAS | EW3: A. MAYORES | EX3: PER. ESENCIAL | EY3: TOTAL | FH3: TOTAL | FS3: TOTAL | FT3: DOSIS PLAN NACIONAL DE VACUNACIÓN | GR3: FEMENINAS | GS3: TOTAL | GV3: ESCOLARES | GX3: MUJERES EN EDAD FERTIL | HD3: EMBARAZADAS | HG3: HOMBRES | HS3: TOTAL | HT3: ADULTOS MAYORES | HV3: TOTAL | HW3: PERSONAL DE SALUD | HY3: CONTINGENTES MILITARES | IA3: CONTENCIÓN DE BROTES | IC3: TOTAL | IN3: TOTAL | JP3: BCG | JQ3: HEPATITIS B | JR3: HEPATITIS B (Ped) | JS3: ROTAVIRUS | JT3: PENTA VALENTE | JU3: POLIO INACTIVA | JV3: POLIO ORAL | JW3: NEUMOCOCO 13 VALENTE | JX3: INFLUENZA ESTACIONAL | JY3: FIEBRE AMARILLA | JZ3: SRP | KA3: SR | KB3: TOXOIDE TETÁNICO DIFTÉRICO | KC3: NEUMOCOCO23 VALENTE | KD3: MENINGOCÓCICA B-C | KE3: RABIA HUMANA | KF3: VPH | LA3: N° PERSONAS MORDIDAS | LB3: N° PERSONAS TRATADAS | LC3: N° PERSONAS HOSPITALIZADAS | LD3: N° PERSONAS CON TRATAMIENTO AMBULATORIO | LE3: N° TRATAMIENTOS ADMINISTRADOS | LI3: N° AMPOLLAS DE SUEROS ADMINISTRADOS | LM3: N° PERSONAS MORDIDAS | LN3: N° PERSONAS HOSPITALIZADAS | LO3: N° PERSONAS CON TRATAMIENTO AMBULATORIO | LP3: N° TRATAMIENTOS ADMINISTRADOS | LQ3: N° VIALES ADMINISTRADOS | LR3: N° CASOS DE TÉTANOS REPORTADOS | LS3: N° PERSONAS HOSPITALIZADAS | LT3: N° PERSONAS CON TRATAMIENTO AMBULATORIO | LU3: N° AMPOLLAS ADMINISTRADAS | LX3: N° EMPONZOÑAMIENTOS | LY3: N° PERSONAS HOSPITALIZADAS | LZ3: N° PERSONAS CON TRATAMIENTO AMBULATORIO | MA3: N° AMPOLLAS ADMINISTRADAS | MB3: N° AMPOLLAS ADMINISTRADAS | MC3: N° PERSONAS HOSPITALIZADAS | MD3: N° PERSONAS CON TRATAMIENTO AMBULATORIO | ME3: N° CASOS SOSPECHOSOS | MF3: N° AMPOLLAS ADMINISTRADAS | MG3: N° PERSONAS HOSPITALIZADA | MH3: N° PERSONAS CON TRATAMIENTO AMBULATORIO | MI3: N° CASOS SOSPECHOSOS | MJ3: N° PERSONAS HOSPITALIZADAS | MK3: N° PERSONAS CON TRATAMIENTO AMBULATORIO | ML3: N° DOSIS ADMINISTRADAS | MM3: N° LECTURAS POSITIVAS
AL4: < 28 D. | AM4: ≥ 28 D. - 11 M. | AN4: 1 A. | AO4: 2 A. | AP4: 3 A. | AQ4: 4 A. | AR4: 5 A. | AS4: 6 - 7 A. | AU4: ≤ 24 H. | AV4: 1 - 7 D. | BQ4: 6 - 49 A. | BV4: < 1 A. | BZ4: < 1 A. | CC4: 1 A. | CG4: 2 A. | CK4: 3 A. | CO4: 4 A. | CS4: 5 A. | CX4: 6 A. | DD4: < 1A. | DG4: < 1A. | DI4: POLIO INACTIVA | DK4: POLIO ORAL | DN4: POLIO INACTIVA | DP4: POLIO ORAL | DS4: POLIO INACTIVA | DU4: POLIO ORAL | DX4: POLIO INACTIVA | DZ4: POLIO ORAL | EC4: POLIO INACTIVA | EE4: POLIO ORAL | EI4: 6 A 8 AÑOS | EL4: < 1 A. | EN4: 1 A. | EP4: 6 - 11 M. | ER4: 1 A. | EW4: ≥ 60A. | EZ4: 1 A. | FA4: 2 A. | FB4: 3 A. | FC4: 4 A. | FD4: 5 A. | FE4: 6 - 9 A. | FF4: 10 - 14 A. | FG4: 15 - 59 A. | FI4: 1 A. | FK4: 2 A. | FM4: 3 A. | FO4: 4 A. | FQ4: 5 A. | FT4: 6-11 M. | FU4: 1AÑO | FX4: 2AÑOS | GA4: 3 AÑOS | GD4: 4 AÑOS | GG4: 5 AÑOS | GJ4: 6 A. | GM4: 7 - 9 A. | GN4: 10 A. | GO4: 11 - 15 A. | GP4: 16 - 29 A. | GR4: 10 A. | GT4: 7 - 9 A. | GV4: 10 A. FEME. | GW4: 10 A. MASC. | GX4: 11 - 49 A. | HG4: 11 - 49 A. | HM4: ≥ 50 A. | HT4: ≥ 60 A. | ID4: PRE EXPOSICIÓN | IG4: POST EXPOSICIÓN | IP4: < 1A. | IR4: 1 A. | IT4: 2 A. | IV4: 3 A. | IX4: 4 A. | IZ4: 5 A. | JB4: ≥ 6 A. | JG4: POLIO INAC. | JH4: FIEBRE AMARILLA | JI4: SRP / SR | JJ4: TOXOIDE | JK4: MENING. B-C | JM4: CERTIFICADOS ELABORADOS | JN4: CERTIFICADOS ANULADOS | LE4: COMPLETOS | LG4: INCOMPLETOS
AL5: DU | AM5: DU | AS5: DU | AU5: DU | AV5: DU | AW5: 1D | AX5: 2D | AY5: 3D | AZ5: DA | BA5: 1D | BB5: 2D | BC5: 3D | BD5: DA | BE5: 1D | BF5: 2D | BG5: 3D | BH5: DA | BI5: 1D | BJ5: 2D | BK5: 3D | BL5: DA | BM5: 1D | BN5: 2D | BO5: 3D | BP5: DA | BQ5: 1D | BR5: 2D | BS5: 3D | BT5: DA | BV5: 1D | BW5: 2D | BX5: 3D | BZ5: 1D | CA5: 2D | CB5: 3D | CC5: 1D | CD5: 2D | CE5: 3D | CF5: 1REF | CG5: 1D | CH5: 2D | CI5: 3D | CJ5: 1REF | CK5: 1D | CL5: 2D | CM5: 3D | CN5: 1REF | CO5: 1D | CP5: 2D | CQ5: 3D | CR5: 1REF | CS5: 1D | CT5: 2D | CU5: 3D | CV5: 1REF | CW5: 2REF | CX5: 1D | CY5: 2D | CZ5: 3D | DA5: 1REF | DB5: 2REF | DD5: 1D | DE5: 2D | DG5: 3D | DH5: DA | DI5: 1D | DJ5: 2D | DK5: 3D | DL5: 1REF | DM5: DA | DN5: 1D | DO5: 2D | DP5: 3D | DQ5: 1REF | DR5: DA | DS5: 1D | DT5: 2D | DU5: 3D | DV5: 1REF | DW5: DA | DX5: 1D | DY5: 2D | DZ5: 3D | EA5: 1REF | EB5: DA | EC5: 1D | ED5: 2D | EE5: 3D | EF5: 1REF | EG5: 2REF | EH5: DA | EI5: DA | EL5: 1D | EM5: 2D | EN5: 1REF | EP5: 1D | EQ5: 2D | ER5: 1D | ES5: 2D | ET5: DE | EU5: DE | EV5: DE | EW5: DE | EX5: DE | EZ5: DU | FA5: DU | FB5: DU | FC5: DU | FD5: DU | FE5: DU | FF5: DU | FG5: DU | FI5: 1D | FJ5: 2D | FK5: 1D | FL5: 2D | FM5: 1D | FN5: 2D | FO5: 1D | FP5: 2D | FQ5: 1D | FR5: 2D | FT5: DA | FU5: 1D | FV5: 2D | FW5: DA | FX5: 1D | FY5: 2D | FZ5: DA | GA5: 1D | GB5: 2D | GC5: DA | GD5: 1D | GE5: 2D | GF5: DA | GG5: 1D | GH5: 2D | GI5: DA | GJ5: 1D | GK5: 2D | GL5: DA | GM5: DA | GN5: DA | GO5: DA | GP5: DA | GR5: 1D | GT5: 1D | GU5: 2D | GV5: REF | GW5: REF | GX5: 1D | GY5: 2D | GZ5: 3D | HA5: 4D | HB5: 5D | HC5: DA | HD5: 1D | HE5: 2D | HF5: DA | HG5: 1D | HH5: 2D | HI5: 3D | HJ5: 4D | HK5: 5D | HL5: DA | HM5: 1D | HN5: 2D | HO5: 3D | HP5: 4D | HQ5: 5D | HR5: DA | HT5: 1D | HU5: 1REF | HW5: 1D | HX5: 2D | HY5: 1D | HZ5: 2D | IA5: 1D | IB5: 2D | ID5: 1D | IE5: 2D | IF5: 1REF | IG5: 1D | IH5: 2D | II5: 3D | IJ5: 4D | IK5: 5D | IL5: 6D | IM5: 7D | IP5: M | IQ5: F | IR5: M | IS5: F | IT5: M | IU5: F | IV5: M | IW5: F | IX5: M | IY5: F | IZ5: M | JA5: F | JB5: M | JC5: F | JD5: M | JE5: F | LE5: CON SUERO | LF5: SIN SUERO | LG5: NORMA E. | LH5: ABANDONO | LI5: 1.500 UI | LJ5: 1.000 UI | LK5: 500 UI | LL5: 300 UI | LU5: 1.500 UI | LV5: 3.000 UI | LW5: Ig ANTITETÁNICA
A6: E | B6: 30000 | C6: ANZOÁTEGUI | D6: =SUM(D7,D10,D13,D20,D23,D27,D30,D34,D37,D40,D44,D47,D50,D53,D56,D61,D65,D68,D70,D73,D79) -> 0 | E6: =SUM(E7,E10,E13,E20,E23,E27,E30,E34,E37,E40,E44,E47,E50,E53,E56,E61,E65,E68,E70,E73,E79) -> 4 | F6: =SUM(F7,F10,F13,F20,F23,F27,F30,F34,F37,F40,F44,F47,F50,F53,F56,F61,F65,F68,F70,F73,F79) -> 2 | G6: =SUM(G7,G10,G13,G20,G23,G27,G30,G34,G37,G40,G44,G47,G50,G53,G56,G61,G65,G68,G70,G73,G79) -> 0 | H6: =SUM(H7,H10,H13,H20,H23,H27,H30,H34,H37,H40,H44,H47,H50,H53,H56,H61,H65,H68,H70,H73,H79) -> 1 | I6: =SUM(I7,I10,I13,I20,I23,I27,I30,I34,I37,I40,I44,I47,I50,I53,I56,I61,I65,I68,I70,I73,I79) -> 0 | J6: =SUM(J7,J10,J13,J20,J23,J27,J30,J34,J37,J40,J44,J47,J50,J53,J56,J61,J65,J68,J70,J73,J79) -> 0 | K6: =SUM(K7,K10,K13,K20,K23,K27,K30,K34,K37,K40,K44,K47,K50,K53,K56,K61,K65,K68,K70,K73,K79) -> 0 | ... Y6: =SUM(Y7,Y10,Y13,Y20,Y23,Y27,Y30,Y34,Y37,Y40,Y44,Y47,Y50,Y53,Y56,Y61,Y65,Y68,Y70,Y73,Y79) -> 8 | Z6: =IFERROR(O6/D6,0) -> 0 | AA6: =IFERROR(P6/E6,0) -> 1 | AB6: =IFERROR(Q6/F6,0) -> 1 | AC6: =IFERROR(R6/G6,0) -> 0 | AD6: =IFERROR(S6/H6,0) -> 1 | AE6: =IFERROR(T6/I6,0) -> 0 | AF6: =IFERROR(U6/J6,0) -> 0 | AG6: =IFERROR(V6/K6,0) -> 0 | ... AJ6: =IFERROR(Y6/N6,0) -> 1 | AK6: =SUM(AK7,AK10,AK13,AK20,AK23,AK27,AK30,AK34,AK37,AK40,AK44,AK47,AK50,AK53,AK56,AK61,AK65,AK68,AK70,AK73,AK79) -> 0 | AL6: =SUM(AL7,AL10,AL13,AL20,AL23,AL27,AL30,AL34,AL37,AL40,AL44,AL47,AL50,AL53,AL56,AL61,AL65,AL68,AL70,AL73,AL79) -> 10 | AM6: =SUM(AM7,AM10,AM13,AM20,AM23,AM27,AM30,AM34,AM37,AM40,AM44,AM47,AM50,AM53,AM56,AM61,AM65,AM68,AM70,AM73,AM79) -> 9 | AN6: =SUM(AN7,AN10,AN13,AN20,AN23,AN27,AN30,AN34,AN37,AN40,AN44,AN47,AN50,AN53,AN56,AN61,AN65,AN68,AN70,AN73,AN79) -> 0 | AO6: =SUM(AO7,AO10,AO13,AO20,AO23,AO27,AO30,AO34,AO37,AO40,AO44,AO47,AO50,AO53,AO56,AO61,AO65,AO68,AO70,AO73,AO79) -> 0 | AP6: =SUM(AP7,AP10,AP13,AP20,AP23,AP27,AP30,AP34,AP37,AP40,AP44,AP47,AP50,AP53,AP56,AP61,AP65,AP68,AP70,AP73,AP79) -> 0 | AQ6: =SUM(AQ7,AQ10,AQ13,AQ20,AQ23,AQ27,AQ30,AQ34,AQ37,AQ40,AQ44,AQ47,AQ50,AQ53,AQ56,AQ61,AQ65,AQ68,AQ70,AQ73,AQ79) -> 0 | AR6: =SUM(AR7,AR10,AR13,AR20,AR23,AR27,AR30,AR34,AR37,AR40,AR44,AR47,AR50,AR53,AR56,AR61,AR65,AR68,AR70,AR73,AR79) -> 0 | ... EX6: =SUM(EX7,EX10,EX13,EX20,EX23,EX27,EX30,EX34,EX37,EX40,EX44,EX47,EX50,EX53,EX56,EX61,EX65,EX68,EX70,EX73,EX79) -> 0 | EY6: =SUM(EP6:EX6) -> 0 | EZ6: =SUM(EZ7,EZ10,EZ13,EZ20,EZ23,EZ27,EZ30,EZ34,EZ37,EZ40,EZ44,EZ47,EZ50,EZ53,EZ56,EZ61,EZ65,EZ68,EZ70,EZ73,EZ79) -> 57 | FA6: =SUM(FA7,FA10,FA13,FA20,FA23,FA27,FA30,FA34,FA37,FA40,FA44,FA47,FA50,FA53,FA56,FA61,FA65,FA68,FA70,FA73,FA79) -> 8 | FB6: =SUM(FB7,FB10,FB13,FB20,FB23,FB27,FB30,FB34,FB37,FB40,FB44,FB47,FB50,FB53,FB56,FB61,FB65,FB68,FB70,FB73,FB79) -> 7 | FC6: =SUM(FC7,FC10,FC13,FC20,FC23,FC27,FC30,FC34,FC37,FC40,FC44,FC47,FC50,FC53,FC56,FC61,FC65,FC68,FC70,FC73,FC79) -> 2 | FD6: =SUM(FD7,FD10,FD13,FD20,FD23,FD27,FD30,FD34,FD37,FD40,FD44,FD47,FD50,FD53,FD56,FD61,FD65,FD68,FD70,FD73,FD79) -> 0 | FE6: =SUM(FE7,FE10,FE13,FE20,FE23,FE27,FE30,FE34,FE37,FE40,FE44,FE47,FE50,FE53,FE56,FE61,FE65,FE68,FE70,FE73,FE79) -> 2 | FF6: =SUM(FF7,FF10,FF13,FF20,FF23,FF27,FF30,FF34,FF37,FF40,FF44,FF47,FF50,FF53,FF56,FF61,FF65,FF68,FF70,FF73,FF79) -> 1 | FG6: =SUM(FG7,FG10,FG13,FG20,FG23,FG27,FG30,FG34,FG37,FG40,FG44,FG47,FG50,FG53,FG56,FG61,FG65,FG68,FG70,FG73,FG79) -> 27 | ... GP6: =SUM(GP7,GP10,GP13,GP20,GP23,GP27,GP30,GP34,GP37,GP40,GP44,GP47,GP50,GP53,GP56,GP61,GP65,GP68,GP70,GP73,GP79) -> 0 | GQ6: =SUM(FT6:GP6) -> 0 | GR6: =SUM(GR7,GR10,GR13,GR20,GR23,GR27,GR30,GR34,GR37,GR40,GR44,GR47,GR50,GR53,GR56,GR61,GR65,GR68,GR70,GR73,GR79) -> 0 | GS6: =SUM(GS7,GS10,GS13,GS20,GS23,GS27,GS30,GS34,GS37,GS40,GS44,GS47,GS50,GS53,GS56,GS61,GS65,GS68,GS70,GS73,GS79) -> 0 | GT6: =SUM(GT7,GT10,GT13,GT20,GT23,GT27,GT30,GT34,GT37,GT40,GT44,GT47,GT50,GT53,GT56,GT61,GT65,GT68,GT70,GT73,GT79) -> 0 | GU6: =SUM(GU7,GU10,GU13,GU20,GU23,GU27,GU30,GU34,GU37,GU40,GU44,GU47,GU50,GU53,GU56,GU61,GU65,GU68,GU70,GU73,GU79) -> 0 | GV6: =SUM(GV7,GV10,GV13,GV20,GV23,GV27,GV30,GV34,GV37,GV40,GV44,GV47,GV50,GV53,GV56,GV61,GV65,GV68,GV70,GV73,GV79) -> 28 | GW6: =SUM(GW7,GW10,GW13,GW20,GW23,GW27,GW30,GW34,GW37,GW40,GW44,GW47,GW50,GW53,GW56,GW61,GW65,GW68,GW70,GW73,GW79) -> 15 | GX6: =SUM(GX7,GX10,GX13,GX20,GX23,GX27,GX30,GX34,GX37,GX40,GX44,GX47,GX50,GX53,GX56,GX61,GX65,GX68,GX70,GX73,GX79) -> 68 | GY6: =SUM(GY7,GY10,GY13,GY20,GY23,GY27,GY30,GY34,GY37,GY40,GY44,GY47,GY50,GY53,GY56,GY61,GY65,GY68,GY70,GY73,GY79) -> 19 | ... MM6: =SUM(MM7,MM10,MM13,MM20,MM23,MM27,MM30,MM34,MM37,MM40,MM44,MM47,MM50,MM53,MM56,MM61,MM65,MM68,MM70,MM73,MM79) -> 0
A7: M | B7: 30800 | C7: Municipio Juan Antonio Sotillo | D7: =SUM(D8:D9) -> 0 | E7: =SUM(E8:E9) -> 0 | F7: =SUM(F8:F9) -> 0 | G7: =SUM(G8:G9) -> 0 | H7: =SUM(H8:H9) -> 0 | I7: =SUM(I8:I9) -> 0 | J7: =SUM(J8:J9) -> 0 | K7: =SUM(K8:K9) -> 0 | ... Y7: =SUM(Y8:Y9) -> 0 | Z7: =IFERROR(O7/D7,0) -> 0 | AA7: =IFERROR(P7/E7,0) -> 0 | AB7: =IFERROR(Q7/F7,0) -> 0 | AC7: =IFERROR(R7/G7,0) -> 0 | AD7: =IFERROR(S7/H7,0) -> 0 | AE7: =IFERROR(T7/I7,0) -> 0 | AF7: =IFERROR(U7/J7,0) -> 0 | AG7: =IFERROR(V7/K7,0) -> 0 | ... AJ7: =IFERROR(Y7/N7,0) -> 0 | AK7: =SUM(AK8:AK9) -> 0 | AL7: =SUM(AL8:AL9) -> 0 | AM7: =SUM(AM8:AM9) -> 0 | AN7: =SUM(AN8:AN9) -> 0 | AO7: =SUM(AO8:AO9) -> 0 | AP7: =SUM(AP8:AP9) -> 0 | AQ7: =SUM(AQ8:AQ9) -> 0 | AR7: =SUM(AR8:AR9) -> 0 | ... EX7: =SUM(EX8:EX9) -> 0 | EY7: =SUM(EP7:EX7) -> 0 | EZ7: =SUM(EZ8:EZ9) -> 0 | FA7: =SUM(FA8:FA9) -> 0 | FB7: =SUM(FB8:FB9) -> 0 | FC7: =SUM(FC8:FC9) -> 0 | FD7: =SUM(FD8:FD9) -> 0 | FE7: =SUM(FE8:FE9) -> 0 | FF7: =SUM(FF8:FF9) -> 0 | FG7: =SUM(FG8:FG9) -> 0 | ... GP7: =SUM(GP8:GP9) -> 0 | GQ7: =SUM(FT7:GP7) -> 0 | GR7: =SUM(GR8:GR9) -> 0 | GS7: =SUM(GS8:GS9) -> 0 | GT7: =SUM(GT8:GT9) -> 0 | GU7: =SUM(GU8:GU9) -> 0 | GV7: =SUM(GV8:GV9) -> 0 | GW7: =SUM(GW8:GW9) -> 0 | GX7: =SUM(GX8:GX9) -> 0 | GY7: =SUM(GY8:GY9) -> 0 | ... MM7: =SUM(MM8:MM9) -> 0
A8: P | B8: 30801 | C8: Parroquia Capital Puerto La Cruz | N8: =SUM(D8:M8) -> 0 | Y8: =SUM(O8:X8) -> 0 | Z8: =IFERROR(O8/D8,0) -> 0 | AA8: =IFERROR(P8/E8,0) -> 0 | AB8: =IFERROR(Q8/F8,0) -> 0 | AC8: =IFERROR(R8/G8,0) -> 0 | AD8: =IFERROR(S8/H8,0) -> 0 | AE8: =IFERROR(T8/I8,0) -> 0 | AF8: =IFERROR(U8/J8,0) -> 0 | AG8: =IFERROR(V8/K8,0) -> 0 | ... AJ8: =IFERROR(Y8/N8,0) -> 0 | AT8: =SUM(AL8:AS8) -> 0 | BU8: =SUM(AU8:BT8) -> 0 | BY8: =SUM(BV8:BX8) -> 0 | DC8: =SUM(BZ8:DB8) -> 0 | DF8: =SUM(DD8:DE8) -> 0 | EJ8: =SUM(EC8:ED8,DX8:DY8,DS8:DT8,DN8:DO8,DI8:DJ8,EI8,) -> 0 | EK8: =SUM(EE8:EH8,DZ8:EB8,DU8:DW8,DP8:DR8,DK8:DM8,DG8:DH8) -> 0 | EO8: =SUM(EL8:EN8) -> 0 | EY8: =SUM(EP8:EX8) -> 0 | FH8: =SUM(EZ8:FG8) -> 0 | FS8: =SUM(FI8:FR8) -> 0 | GQ8: =SUM(FT8:GP8) -> 0 | GS8: =SUM(GR8) -> 0 | HS8: =SUM(GT8:HR8) -> 0 | HV8: =SUM(HT8:HU8) -> 0 | IC8: =SUM(HW8:IB8) -> 0 | IN8: =SUM(ID8:IM8) -> 0 | IO8: =SUM(AT8,BU8,BY8,DC8,DF8,EK8,EO8,EY8,FH8,FS8,GQ8,GS8,HS8,HV8,IC8,IN8,EJ8) -> 0 | JD8: =SUM(IP8,IR8,IT8,IZ8,JB8,IX8,IV8) -> 0 | JE8: =SUM(IQ8,IS8,IU8,JA8,JC8,IY8,IW8) -> 0 | JF8: =SUM(JD8:JE8) -> 0 | JL8: =SUM(JG8:JK8) -> 0 | JO8: =SUM(JM8:JN8) -> 0 | KG8: =SUM(JP8:KF8) -> 0 | KY8: =SUM(KH8:KX8) -> 0
A9: P | B9: 30802 | C9: Parroquia Pozuelos | N9: =SUM(D9:M9) -> 0 | Y9: =SUM(O9:X9) -> 0 | Z9: =IFERROR(O9/D9,0) -> 0 | AA9: =IFERROR(P9/E9,0) -> 0 | AB9: =IFERROR(Q9/F9,0) -> 0 | AC9: =IFERROR(R9/G9,0) -> 0 | AD9: =IFERROR(S9/H9,0) -> 0 | AE9: =IFERROR(T9/I9,0) -> 0 | AF9: =IFERROR(U9/J9,0) -> 0 | AG9: =IFERROR(V9/K9,0) -> 0 | ... AJ9: =IFERROR(Y9/N9,0) -> 0 | AT9: =SUM(AL9:AS9) -> 0 | BU9: =SUM(AU9:BT9) -> 0 | BY9: =SUM(BV9:BX9) -> 0 | DC9: =SUM(BZ9:DB9) -> 0 | DF9: =SUM(DD9:DE9) -> 0 | EJ9: =SUM(EC9:ED9,DX9:DY9,DS9:DT9,DN9:DO9,DI9:DJ9,EI9,) -> 0 | EK9: =SUM(EE9:EH9,DZ9:EB9,DU9:DW9,DP9:DR9,DK9:DM9,DG9:DH9) -> 0 | EO9: =SUM(EL9:EN9) -> 0 | EY9: =SUM(EP9:EX9) -> 0 | FH9: =SUM(EZ9:FG9) -> 0 | FS9: =SUM(FI9:FR9) -> 0 | GQ9: =SUM(FT9:GP9) -> 0 | GS9: =SUM(GR9) -> 0 | HS9: =SUM(GT9:HR9) -> 0 | HV9: =SUM(HT9:HU9) -> 0 | IC9: =SUM(HW9:IB9) -> 0 | IN9: =SUM(ID9:IM9) -> 0 | IO9: =SUM(AT9,BU9,BY9,DC9,DF9,EK9,EO9,EY9,FH9,FS9,GQ9,GS9,HS9,HV9,IC9,IN9,EJ9) -> 0 | JD9: =SUM(IP9,IR9,IT9,IZ9,JB9,IX9,IV9) -> 0 | JE9: =SUM(IQ9,IS9,IU9,JA9,JC9,IY9,IW9) -> 0 | JF9: =SUM(JD9:JE9) -> 0 | JL9: =SUM(JG9:JK9) -> 0 | JO9: =SUM(JM9:JN9) -> 0 | KG9: =SUM(JP9:KF9) -> 0 | KY9: =SUM(KH9:KX9) -> 0
A10: M | B10: 30600 | C10: Municipio Guanta | D10: =SUM(D11:D12) -> 0 | E10: =SUM(E11:E12) -> 0 | F10: =SUM(F11:F12) -> 0 | G10: =SUM(G11:G12) -> 0 | H10: =SUM(H11:H12) -> 0 | I10: =SUM(I11:I12) -> 0 | J10: =SUM(J11:J12) -> 0 | K10: =SUM(K11:K12) -> 0 | ... Y10: =SUM(Y11:Y12) -> 0 | Z10: =IFERROR(O10/D10,0) -> 0 | AA10: =IFERROR(P10/E10,0) -> 0 | AB10: =IFERROR(Q10/F10,0) -> 0 | AC10: =IFERROR(R10/G10,0) -> 0 | AD10: =IFERROR(S10/H10,0) -> 0 | AE10: =IFERROR(T10/I10,0) -> 0 | AF10: =IFERROR(U10/J10,0) -> 0 | AG10: =IFERROR(V10/K10,0) -> 0 | ... AJ10: =IFERROR(Y10/N10,0) -> 0 | AK10: =SUM(AK11:AK12) -> 0 | AL10: =SUM(AL11:AL12) -> 0 | AM10: =SUM(AM11:AM12) -> 0 | AN10: =SUM(AN11:AN12) -> 0 | AO10: =SUM(AO11:AO12) -> 0 | AP10: =SUM(AP11:AP12) -> 0 | AQ10: =SUM(AQ11:AQ12) -> 0 | AR10: =SUM(AR11:AR12) -> 0 | ... EX10: =SUM(EX11:EX12) -> 0 | EY10: =SUM(EP10:EX10) -> 0 | EZ10: =SUM(EZ11:EZ12) -> 0 | FA10: =SUM(FA11:FA12) -> 0 | FB10: =SUM(FB11:FB12) -> 0 | FC10: =SUM(FC11:FC12) -> 0 | FD10: =SUM(FD11:FD12) -> 0 | FE10: =SUM(FE11:FE12) -> 0 | FF10: =SUM(FF11:FF12) -> 0 | FG10: =SUM(FG11:FG12) -> 0 | ... GP10: =SUM(GP11:GP12) -> 0 | GQ10: =SUM(FT10:GP10) -> 0 | GR10: =SUM(GR11:GR12) -> 0 | GS10: =SUM(GS11:GS12) -> 0 | GT10: =SUM(GT11:GT12) -> 0 | GU10: =SUM(GU11:GU12) -> 0 | GV10: =SUM(GV11:GV12) -> 0 | GW10: =SUM(GW11:GW12) -> 0 | GX10: =SUM(GX11:GX12) -> 0 | GY10: =SUM(GY11:GY12) -> 0 | ... MM10: =SUM(MM11:MM12) -> 0
A11: P | B11: 30601 | C11: Parroquia Capital Guanta | N11: =SUM(D11:M11) -> 0 | Y11: =SUM(O11:X11) -> 0 | Z11: =IFERROR(O11/D11,0) -> 0 | AA11: =IFERROR(P11/E11,0) -> 0 | AB11: =IFERROR(Q11/F11,0) -> 0 | AC11: =IFERROR(R11/G11,0) -> 0 | AD11: =IFERROR(S11/H11,0) -> 0 | AE11: =IFERROR(T11/I11,0) -> 0 | AF11: =IFERROR(U11/J11,0) -> 0 | AG11: =IFERROR(V11/K11,0) -> 0 | ... AJ11: =IFERROR(Y11/N11,0) -> 0 | AT11: =SUM(AL11:AS11) -> 0 | BU11: =SUM(AU11:BT11) -> 0 | BY11: =SUM(BV11:BX11) -> 0 | DC11: =SUM(BZ11:DB11) -> 0 | DF11: =SUM(DD11:DE11) -> 0 | EJ11: =SUM(EC11:ED11,DX11:DY11,DS11:DT11,DN11:DO11,DI11:DJ11,EI11,) -> 0 | EK11: =SUM(EE11:EH11,DZ11:EB11,DU11:DW11,DP11:DR11,DK11:DM11,DG11:DH11) -> 0 | EO11: =SUM(EL11:EN11) -> 0 | EY11: =SUM(EP11:EX11) -> 0 | FH11: =SUM(EZ11:FG11) -> 0 | FS11: =SUM(FI11:FR11) -> 0 | GQ11: =SUM(FT11:GP11) -> 0 | GS11: =SUM(GR11) -> 0 | HS11: =SUM(GT11:HR11) -> 0 | HV11: =SUM(HT11:HU11) -> 0 | IC11: =SUM(HW11:IB11) -> 0 | IN11: =SUM(ID11:IM11) -> 0 | IO11: =SUM(AT11,BU11,BY11,DC11,DF11,EK11,EO11,EY11,FH11,FS11,GQ11,GS11,HS11,HV11,IC11,IN11,EJ11) -> 0 | JD11: =SUM(IP11,IR11,IT11,IZ11,JB11,IX11,IV11) -> 0 | JE11: =SUM(IQ11,IS11,IU11,JA11,JC11,IY11,IW11) -> 0 | JF11: =SUM(JD11:JE11) -> 0 | JL11: =SUM(JG11:JK11) -> 0 | JO11: =SUM(JM11:JN11) -> 0 | KG11: =SUM(JP11:KF11) -> 0 | KY11: =SUM(KH11:KX11) -> 0
A12: P | B12: 30602 | C12: Parroquia Chorrerón | N12: =SUM(D12:M12) -> 0 | Y12: =SUM(O12:X12) -> 0 | Z12: =IFERROR(O12/D12,0) -> 0 | AA12: =IFERROR(P12/E12,0) -> 0 | AB12: =IFERROR(Q12/F12,0) -> 0 | AC12: =IFERROR(R12/G12,0) -> 0 | AD12: =IFERROR(S12/H12,0) -> 0 | AE12: =IFERROR(T12/I12,0) -> 0 | AF12: =IFERROR(U12/J12,0) -> 0 | AG12: =IFERROR(V12/K12,0) -> 0 | ... AJ12: =IFERROR(Y12/N12,0) -> 0 | AT12: =SUM(AL12:AS12) -> 0 | BU12: =SUM(AU12:BT12) -> 0 | BY12: =SUM(BV12:BX12) -> 0 | DC12: =SUM(BZ12:DB12) -> 0 | DF12: =SUM(DD12:DE12) -> 0 | EJ12: =SUM(EC12:ED12,DX12:DY12,DS12:DT12,DN12:DO12,DI12:DJ12,EI12,) -> 0 | EK12: =SUM(EE12:EH12,DZ12:EB12,DU12:DW12,DP12:DR12,DK12:DM12,DG12:DH12) -> 0 | EO12: =SUM(EL12:EN12) -> 0 | EY12: =SUM(EP12:EX12) -> 0 | FH12: =SUM(EZ12:FG12) -> 0 | FS12: =SUM(FI12:FR12) -> 0 | GQ12: =SUM(FT12:GP12) -> 0 | GS12: =SUM(GR12) -> 0 | HS12: =SUM(GT12:HR12) -> 0 | HV12: =SUM(HT12:HU12) -> 0 | IC12: =SUM(HW12:IB12) -> 0 | IN12: =SUM(ID12:IM12) -> 0 | IO12: =SUM(AT12,BU12,BY12,DC12,DF12,EK12,EO12,EY12,FH12,FS12,GQ12,GS12,HS12,HV12,IC12,IN12,EJ12) -> 0 | JD12: =SUM(IP12,IR12,IT12,IZ12,JB12,IX12,IV12) -> 0 | JE12: =SUM(IQ12,IS12,IU12,JA12,JC12,IY12,IW12) -> 0 | JF12: =SUM(JD12:JE12) -> 0 | JL12: =SUM(JG12:JK12) -> 0 | JO12: =SUM(JM12:JN12) -> 0 | KG12: =SUM(JP12:KF12) -> 0 | KY12: =SUM(KH12:KX12) -> 0
A13: M | B13: 31800 | C13: Municipio Simón Bolívar | D13: =SUM(D14:D19) -> 0 | E13: =SUM(E14:E19) -> 0 | F13: =SUM(F14:F19) -> 0 | G13: =SUM(G14:G19) -> 0 | H13: =SUM(H14:H19) -> 0 | I13: =SUM(I14:I19) -> 0 | J13: =SUM(J14:J19) -> 0 | K13: =SUM(K14:K19) -> 0 | ... Y13: =SUM(Y14:Y19) -> 0 | Z13: =IFERROR(O13/D13,0) -> 0 | AA13: =IFERROR(P13/E13,0) -> 0 | AB13: =IFERROR(Q13/F13,0) -> 0 | AC13: =IFERROR(R13/G13,0) -> 0 | AD13: =IFERROR(S13/H13,0) -> 0 | AE13: =IFERROR(T13/I13,0) -> 0 | AF13: =IFERROR(U13/J13,0) -> 0 | AG13: =IFERROR(V13/K13,0) -> 0 | ... AJ13: =IFERROR(Y13/N13,0) -> 0 | AK13: =SUM(AK14:AK19) -> 0 | AL13: =SUM(AL14:AL19) -> 0 | AM13: =SUM(AM14:AM19) -> 0 | AN13: =SUM(AN14:AN19) -> 0 | AO13: =SUM(AO14:AO19) -> 0 | AP13: =SUM(AP14:AP19) -> 0 | AQ13: =SUM(AQ14:AQ19) -> 0 | AR13: =SUM(AR14:AR19) -> 0 | ... EX13: =SUM(EX14:EX19) -> 0 | EY13: =SUM(EP13:EX13) -> 0 | EZ13: =SUM(EZ14:EZ19) -> 0 | FA13: =SUM(FA14:FA19) -> 0 | FB13: =SUM(FB14:FB19) -> 0 | FC13: =SUM(FC14:FC19) -> 0 | FD13: =SUM(FD14:FD19) -> 0 | FE13: =SUM(FE14:FE19) -> 0 | FF13: =SUM(FF14:FF19) -> 0 | FG13: =SUM(FG14:FG19) -> 0 | ... GP13: =SUM(GP14:GP19) -> 0 | GQ13: =SUM(FT13:GP13) -> 0 | GR13: =SUM(GR14:GR19) -> 0 | GS13: =SUM(GS14:GS19) -> 0 | GT13: =SUM(GT14:GT19) -> 0 | GU13: =SUM(GU14:GU19) -> 0 | GV13: =SUM(GV14:GV19) -> 0 | GW13: =SUM(GW14:GW19) -> 0 | GX13: =SUM(GX14:GX19) -> 0 | GY13: =SUM(GY14:GY19) -> 0 | ... MM13: =SUM(MM14:MM19) -> 0
A14: P | B14: 31801 | C14: Parroquia El Carmen | N14: =SUM(D14:M14) -> 0 | Y14: =SUM(O14:X14) -> 0 | Z14: =IFERROR(O14/D14,0) -> 0 | AA14: =IFERROR(P14/E14,0) -> 0 | AB14: =IFERROR(Q14/F14,0) -> 0 | AC14: =IFERROR(R14/G14,0) -> 0 | AD14: =IFERROR(S14/H14,0) -> 0 | AE14: =IFERROR(T14/I14,0) -> 0 | AF14: =IFERROR(U14/J14,0) -> 0 | AG14: =IFERROR(V14/K14,0) -> 0 | ... AJ14: =IFERROR(Y14/N14,0) -> 0 | AT14: =SUM(AL14:AS14) -> 0 | BU14: =SUM(AU14:BT14) -> 0 | BY14: =SUM(BV14:BX14) -> 0 | DC14: =SUM(BZ14:DB14) -> 0 | DF14: =SUM(DD14:DE14) -> 0 | EJ14: =SUM(EC14:ED14,DX14:DY14,DS14:DT14,DN14:DO14,DI14:DJ14,EI14,) -> 0 | EK14: =SUM(EE14:EH14,DZ14:EB14,DU14:DW14,DP14:DR14,DK14:DM14,DG14:DH14) -> 0 | EO14: =SUM(EL14:EN14) -> 0 | EY14: =SUM(EP14:EX14) -> 0 | FH14: =SUM(EZ14:FG14) -> 0 | FS14: =SUM(FI14:FR14) -> 0 | GQ14: =SUM(FT14:GP14) -> 0 | GS14: =SUM(GR14) -> 0 | HS14: =SUM(GT14:HR14) -> 0 | HV14: =SUM(HT14:HU14) -> 0 | IC14: =SUM(HW14:IB14) -> 0 | IN14: =SUM(ID14:IM14) -> 0 | IO14: =SUM(AT14,BU14,BY14,DC14,DF14,EK14,EO14,EY14,FH14,FS14,GQ14,GS14,HS14,HV14,IC14,IN14,EJ14) -> 0 | JD14: =SUM(IP14,IR14,IT14,IZ14,JB14,IX14,IV14) -> 0 | JE14: =SUM(IQ14,IS14,IU14,JA14,JC14,IY14,IW14) -> 0 | JF14: =SUM(JD14:JE14) -> 0 | JL14: =SUM(JG14:JK14) -> 0 | JO14: =SUM(JM14:JN14) -> 0 | KG14: =SUM(JP14:KF14) -> 0 | KY14: =SUM(KH14:KX14) -> 0
A15: P | B15: 31802 | C15: Parroquia San Cristóbal | N15: =SUM(D15:M15) -> 0 | Y15: =SUM(O15:X15) -> 0 | Z15: =IFERROR(O15/D15,0) -> 0 | AA15: =IFERROR(P15/E15,0) -> 0 | AB15: =IFERROR(Q15/F15,0) -> 0 | AC15: =IFERROR(R15/G15,0) -> 0 | AD15: =IFERROR(S15/H15,0) -> 0 | AE15: =IFERROR(T15/I15,0) -> 0 | AF15: =IFERROR(U15/J15,0) -> 0 | AG15: =IFERROR(V15/K15,0) -> 0 | ... AJ15: =IFERROR(Y15/N15,0) -> 0 | AT15: =SUM(AL15:AS15) -> 0 | BU15: =SUM(AU15:BT15) -> 0 | BY15: =SUM(BV15:BX15) -> 0 | DC15: =SUM(BZ15:DB15) -> 0 | DF15: =SUM(DD15:DE15) -> 0 | EJ15: =SUM(EC15:ED15,DX15:DY15,DS15:DT15,DN15:DO15,DI15:DJ15,EI15,) -> 0 | EK15: =SUM(EE15:EH15,DZ15:EB15,DU15:DW15,DP15:DR15,DK15:DM15,DG15:DH15) -> 0 | EO15: =SUM(EL15:EN15) -> 0 | EY15: =SUM(EP15:EX15) -> 0 | FH15: =SUM(EZ15:FG15) -> 0 | FS15: =SUM(FI15:FR15) -> 0 | GQ15: =SUM(FT15:GP15) -> 0 | GS15: =SUM(GR15) -> 0 | HS15: =SUM(GT15:HR15) -> 0 | HV15: =SUM(HT15:HU15) -> 0 | IC15: =SUM(HW15:IB15) -> 0 | IN15: =SUM(ID15:IM15) -> 0 | IO15: =SUM(AT15,BU15,BY15,DC15,DF15,EK15,EO15,EY15,FH15,FS15,GQ15,GS15,HS15,HV15,IC15,IN15,EJ15) -> 0 | JD15: =SUM(IP15,IR15,IT15,IZ15,JB15,IX15,IV15) -> 0 | JE15: =SUM(IQ15,IS15,IU15,JA15,JC15,IY15,IW15) -> 0 | JF15: =SUM(JD15:JE15) -> 0 | JL15: =SUM(JG15:JK15) -> 0 | JO15: =SUM(JM15:JN15) -> 0 | KG15: =SUM(JP15:KF15) -> 0 | KY15: =SUM(KH15:KX15) -> 0
A16: P | B16: 31803 | C16: Parroquia Bergantín | N16: =SUM(D16:M16) -> 0 | Y16: =SUM(O16:X16) -> 0 | Z16: =IFERROR(O16/D16,0) -> 0 | AA16: =IFERROR(P16/E16,0) -> 0 | AB16: =IFERROR(Q16/F16,0) -> 0 | AC16: =IFERROR(R16/G16,0) -> 0 | AD16: =IFERROR(S16/H16,0) -> 0 | AE16: =IFERROR(T16/I16,0) -> 0 | AF16: =IFERROR(U16/J16,0) -> 0 | AG16: =IFERROR(V16/K16,0) -> 0 | ... AJ16: =IFERROR(Y16/N16,0) -> 0 | AT16: =SUM(AL16:AS16) -> 0 | BU16: =SUM(AU16:BT16) -> 0 | BY16: =SUM(BV16:BX16) -> 0 | DC16: =SUM(BZ16:DB16) -> 0 | DF16: =SUM(DD16:DE16) -> 0 | EJ16: =SUM(EC16:ED16,DX16:DY16,DS16:DT16,DN16:DO16,DI16:DJ16,EI16,) -> 0 | EK16: =SUM(EE16:EH16,DZ16:EB16,DU16:DW16,DP16:DR16,DK16:DM16,DG16:DH16) -> 0 | EO16: =SUM(EL16:EN16) -> 0 | EY16: =SUM(EP16:EX16) -> 0 | FH16: =SUM(EZ16:FG16) -> 0 | FS16: =SUM(FI16:FR16) -> 0 | GQ16: =SUM(FT16:GP16) -> 0 | GS16: =SUM(GR16) -> 0 | HS16: =SUM(GT16:HR16) -> 0 | HV16: =SUM(HT16:HU16) -> 0 | IC16: =SUM(HW16:IB16) -> 0 | IN16: =SUM(ID16:IM16) -> 0 | IO16: =SUM(AT16,BU16,BY16,DC16,DF16,EK16,EO16,EY16,FH16,FS16,GQ16,GS16,HS16,HV16,IC16,IN16,EJ16) -> 0 | JD16: =SUM(IP16,IR16,IT16,IZ16,JB16,IX16,IV16) -> 0 | JE16: =SUM(IQ16,IS16,IU16,JA16,JC16,IY16,IW16) -> 0 | JF16: =SUM(JD16:JE16) -> 0 | JL16: =SUM(JG16:JK16) -> 0 | JO16: =SUM(JM16:JN16) -> 0 | KG16: =SUM(JP16:KF16) -> 0 | KY16: =SUM(KH16:KX16) -> 0
A17: P | B17: 31804 | C17: Parroquia Caigua | N17: =SUM(D17:M17) -> 0 | Y17: =SUM(O17:X17) -> 0 | Z17: =IFERROR(O17/D17,0) -> 0 | AA17: =IFERROR(P17/E17,0) -> 0 | AB17: =IFERROR(Q17/F17,0) -> 0 | AC17: =IFERROR(R17/G17,0) -> 0 | AD17: =IFERROR(S17/H17,0) -> 0 | AE17: =IFERROR(T17/I17,0) -> 0 | AF17: =IFERROR(U17/J17,0) -> 0 | AG17: =IFERROR(V17/K17,0) -> 0 | ... AJ17: =IFERROR(Y17/N17,0) -> 0 | AT17: =SUM(AL17:AS17) -> 0 | BU17: =SUM(AU17:BT17) -> 0 | BY17: =SUM(BV17:BX17) -> 0 | DC17: =SUM(BZ17:DB17) -> 0 | DF17: =SUM(DD17:DE17) -> 0 | EJ17: =SUM(EC17:ED17,DX17:DY17,DS17:DT17,DN17:DO17,DI17:DJ17,EI17,) -> 0 | EK17: =SUM(EE17:EH17,DZ17:EB17,DU17:DW17,DP17:DR17,DK17:DM17,DG17:DH17) -> 0 | EO17: =SUM(EL17:EN17) -> 0 | EY17: =SUM(EP17:EX17) -> 0 | FH17: =SUM(EZ17:FG17) -> 0 | FS17: =SUM(FI17:FR17) -> 0 | GQ17: =SUM(FT17:GP17) -> 0 | GS17: =SUM(GR17) -> 0 | HS17: =SUM(GT17:HR17) -> 0 | HV17: =SUM(HT17:HU17) -> 0 | IC17: =SUM(HW17:IB17) -> 0 | IN17: =SUM(ID17:IM17) -> 0 | IO17: =SUM(AT17,BU17,BY17,DC17,DF17,EK17,EO17,EY17,FH17,FS17,GQ17,GS17,HS17,HV17,IC17,IN17,EJ17) -> 0 | JD17: =SUM(IP17,IR17,IT17,IZ17,JB17,IX17,IV17) -> 0 | JE17: =SUM(IQ17,IS17,IU17,JA17,JC17,IY17,IW17) -> 0 | JF17: =SUM(JD17:JE17) -> 0 | JL17: =SUM(JG17:JK17) -> 0 | JO17: =SUM(JM17:JN17) -> 0 | KG17: =SUM(JP17:KF17) -> 0 | KY17: =SUM(KH17:KX17) -> 0
A18: P | B18: 31805 | C18: Parroquia El Pilar | N18: =SUM(D18:M18) -> 0 | Y18: =SUM(O18:X18) -> 0 | Z18: =IFERROR(O18/D18,0) -> 0 | AA18: =IFERROR(P18/E18,0) -> 0 | AB18: =IFERROR(Q18/F18,0) -> 0 | AC18: =IFERROR(R18/G18,0) -> 0 | AD18: =IFERROR(S18/H18,0) -> 0 | AE18: =IFERROR(T18/I18,0) -> 0 | AF18: =IFERROR(U18/J18,0) -> 0 | AG18: =IFERROR(V18/K18,0) -> 0 | ... AJ18: =IFERROR(Y18/N18,0) -> 0 | AT18: =SUM(AL18:AS18) -> 0 | BU18: =SUM(AU18:BT18) -> 0 | BY18: =SUM(BV18:BX18) -> 0 | DC18: =SUM(BZ18:DB18) -> 0 | DF18: =SUM(DD18:DE18) -> 0 | EJ18: =SUM(EC18:ED18,DX18:DY18,DS18:DT18,DN18:DO18,DI18:DJ18,EI18,) -> 0 | EK18: =SUM(EE18:EH18,DZ18:EB18,DU18:DW18,DP18:DR18,DK18:DM18,DG18:DH18) -> 0 | EO18: =SUM(EL18:EN18) -> 0 | EY18: =SUM(EP18:EX18) -> 0 | FH18: =SUM(EZ18:FG18) -> 0 | FS18: =SUM(FI18:FR18) -> 0 | GQ18: =SUM(FT18:GP18) -> 0 | GS18: =SUM(GR18) -> 0 | HS18: =SUM(GT18:HR18) -> 0 | HV18: =SUM(HT18:HU18) -> 0 | IC18: =SUM(HW18:IB18) -> 0 | IN18: =SUM(ID18:IM18) -> 0 | IO18: =SUM(AT18,BU18,BY18,DC18,DF18,EK18,EO18,EY18,FH18,FS18,GQ18,GS18,HS18,HV18,IC18,IN18,EJ18) -> 0 | JD18: =SUM(IP18,IR18,IT18,IZ18,JB18,IX18,IV18) -> 0 | JE18: =SUM(IQ18,IS18,IU18,JA18,JC18,IY18,IW18) -> 0 | JF18: =SUM(JD18:JE18) -> 0 | JL18: =SUM(JG18:JK18) -> 0 | JO18: =SUM(JM18:JN18) -> 0 | KG18: =SUM(JP18:KF18) -> 0 | KY18: =SUM(KH18:KX18) -> 0
A19: P | B19: 31806 | C19: Parroquia Naricual | N19: =SUM(D19:M19) -> 0 | Y19: =SUM(O19:X19) -> 0 | Z19: =IFERROR(O19/D19,0) -> 0 | AA19: =IFERROR(P19/E19,0) -> 0 | AB19: =IFERROR(Q19/F19,0) -> 0 | AC19: =IFERROR(R19/G19,0) -> 0 | AD19: =IFERROR(S19/H19,0) -> 0 | AE19: =IFERROR(T19/I19,0) -> 0 | AF19: =IFERROR(U19/J19,0) -> 0 | AG19: =IFERROR(V19/K19,0) -> 0 | ... AJ19: =IFERROR(Y19/N19,0) -> 0 | AT19: =SUM(AL19:AS19) -> 0 | BU19: =SUM(AU19:BT19) -> 0 | BY19: =SUM(BV19:BX19) -> 0 | DC19: =SUM(BZ19:DB19) -> 0 | DF19: =SUM(DD19:DE19) -> 0 | EJ19: =SUM(EC19:ED19,DX19:DY19,DS19:DT19,DN19:DO19,DI19:DJ19,EI19,) -> 0 | EK19: =SUM(EE19:EH19,DZ19:EB19,DU19:DW19,DP19:DR19,DK19:DM19,DG19:DH19) -> 0 | EO19: =SUM(EL19:EN19) -> 0 | EY19: =SUM(EP19:EX19) -> 0 | FH19: =SUM(EZ19:FG19) -> 0 | FS19: =SUM(FI19:FR19) -> 0 | GQ19: =SUM(FT19:GP19) -> 0 | GS19: =SUM(GR19) -> 0 | HS19: =SUM(GT19:HR19) -> 0 | HV19: =SUM(HT19:HU19) -> 0 | IC19: =SUM(HW19:IB19) -> 0 | IN19: =SUM(ID19:IM19) -> 0 | IO19: =SUM(AT19,BU19,BY19,DC19,DF19,EK19,EO19,EY19,FH19,FS19,GQ19,GS19,HS19,HV19,IC19,IN19,EJ19) -> 0 | JD19: =SUM(IP19,IR19,IT19,IZ19,JB19,IX19,IV19) -> 0 | JE19: =SUM(IQ19,IS19,IU19,JA19,JC19,IY19,IW19) -> 0 | JF19: =SUM(JD19:JE19) -> 0 | JL19: =SUM(JG19:JK19) -> 0 | JO19: =SUM(JM19:JN19) -> 0 | KG19: =SUM(JP19:KF19) -> 0 | KY19: =SUM(KH19:KX19) -> 0
A20: M | B20: 32100 | C20: Municipio Turistico Diego Bautista Urbaneja | D20: =SUM(D21:D22) -> 0 | E20: =SUM(E21:E22) -> 0 | F20: =SUM(F21:F22) -> 0 | G20: =SUM(G21:G22) -> 0 | H20: =SUM(H21:H22) -> 0 | I20: =SUM(I21:I22) -> 0 | J20: =SUM(J21:J22) -> 0 | K20: =SUM(K21:K22) -> 0 | ... Y20: =SUM(Y21:Y22) -> 0 | Z20: =IFERROR(O20/D20,0) -> 0 | AA20: =IFERROR(P20/E20,0) -> 0 | AB20: =IFERROR(Q20/F20,0) -> 0 | AC20: =IFERROR(R20/G20,0) -> 0 | AD20: =IFERROR(S20/H20,0) -> 0 | AE20: =IFERROR(T20/I20,0) -> 0 | AF20: =IFERROR(U20/J20,0) -> 0 | AG20: =IFERROR(V20/K20,0) -> 0 | ... AJ20: =IFERROR(Y20/N20,0) -> 0 | AK20: =SUM(AK21:AK22) -> 0 | AL20: =SUM(AL21:AL22) -> 0 | AM20: =SUM(AM21:AM22) -> 0 | AN20: =SUM(AN21:AN22) -> 0 | AO20: =SUM(AO21:AO22) -> 0 | AP20: =SUM(AP21:AP22) -> 0 | AQ20: =SUM(AQ21:AQ22) -> 0 | AR20: =SUM(AR21:AR22) -> 0 | ... EX20: =SUM(EX21:EX22) -> 0 | EY20: =SUM(EP20:EX20) -> 0 | EZ20: =SUM(EZ21:EZ22) -> 0 | FA20: =SUM(FA21:FA22) -> 0 | FB20: =SUM(FB21:FB22) -> 0 | FC20: =SUM(FC21:FC22) -> 0 | FD20: =SUM(FD21:FD22) -> 0 | FE20: =SUM(FE21:FE22) -> 0 | FF20: =SUM(FF21:FF22) -> 0 | FG20: =SUM(FG21:FG22) -> 0 | ... GP20: =SUM(GP21:GP22) -> 0 | GQ20: =SUM(FT20:GP20) -> 0 | GR20: =SUM(GR21:GR22) -> 0 | GS20: =SUM(GS21:GS22) -> 0 | GT20: =SUM(GT21:GT22) -> 0 | GU20: =SUM(GU21:GU22) -> 0 | GV20: =SUM(GV21:GV22) -> 0 | GW20: =SUM(GW21:GW22) -> 0 | GX20: =SUM(GX21:GX22) -> 0 | GY20: =SUM(GY21:GY22) -> 0 | ... MM20: =SUM(MM21:MM22) -> 0
A21: P | B21: 32101 | C21: Parroquia Capital Diego Bautista Urbaneja | N21: =SUM(D21:M21) -> 0 | Y21: =SUM(O21:X21) -> 0 | Z21: =IFERROR(O21/D21,0) -> 0 | AA21: =IFERROR(P21/E21,0) -> 0 | AB21: =IFERROR(Q21/F21,0) -> 0 | AC21: =IFERROR(R21/G21,0) -> 0 | AD21: =IFERROR(S21/H21,0) -> 0 | AE21: =IFERROR(T21/I21,0) -> 0 | AF21: =IFERROR(U21/J21,0) -> 0 | AG21: =IFERROR(V21/K21,0) -> 0 | ... AJ21: =IFERROR(Y21/N21,0) -> 0 | AT21: =SUM(AL21:AS21) -> 0 | BU21: =SUM(AU21:BT21) -> 0 | BY21: =SUM(BV21:BX21) -> 0 | DC21: =SUM(BZ21:DB21) -> 0 | DF21: =SUM(DD21:DE21) -> 0 | EJ21: =SUM(EC21:ED21,DX21:DY21,DS21:DT21,DN21:DO21,DI21:DJ21,EI21,) -> 0 | EK21: =SUM(EE21:EH21,DZ21:EB21,DU21:DW21,DP21:DR21,DK21:DM21,DG21:DH21) -> 0 | EO21: =SUM(EL21:EN21) -> 0 | EY21: =SUM(EP21:EX21) -> 0 | FH21: =SUM(EZ21:FG21) -> 0 | FS21: =SUM(FI21:FR21) -> 0 | GQ21: =SUM(FT21:GP21) -> 0 | GS21: =SUM(GR21) -> 0 | HS21: =SUM(GT21:HR21) -> 0 | HV21: =SUM(HT21:HU21) -> 0 | IC21: =SUM(HW21:IB21) -> 0 | IN21: =SUM(ID21:IM21) -> 0 | IO21: =SUM(AT21,BU21,BY21,DC21,DF21,EK21,EO21,EY21,FH21,FS21,GQ21,GS21,HS21,HV21,IC21,IN21,EJ21) -> 0 | JD21: =SUM(IP21,IR21,IT21,IZ21,JB21,IX21,IV21) -> 0 | JE21: =SUM(IQ21,IS21,IU21,JA21,JC21,IY21,IW21) -> 0 | JF21: =SUM(JD21:JE21) -> 0 | JL21: =SUM(JG21:JK21) -> 0 | JO21: =SUM(JM21:JN21) -> 0 | KG21: =SUM(JP21:KF21) -> 0 | KY21: =SUM(KH21:KX21) -> 0
A22: P | B22: 32102 | C22: Parroquia El Morro | N22: =SUM(D22:M22) -> 0 | Y22: =SUM(O22:X22) -> 0 | Z22: =IFERROR(O22/D22,0) -> 0 | AA22: =IFERROR(P22/E22,0) -> 0 | AB22: =IFERROR(Q22/F22,0) -> 0 | AC22: =IFERROR(R22/G22,0) -> 0 | AD22: =IFERROR(S22/H22,0) -> 0 | AE22: =IFERROR(T22/I22,0) -> 0 | AF22: =IFERROR(U22/J22,0) -> 0 | AG22: =IFERROR(V22/K22,0) -> 0 | ... AJ22: =IFERROR(Y22/N22,0) -> 0 | AT22: =SUM(AL22:AS22) -> 0 | BU22: =SUM(AU22:BT22) -> 0 | BY22: =SUM(BV22:BX22) -> 0 | DC22: =SUM(BZ22:DB22) -> 0 | DF22: =SUM(DD22:DE22) -> 0 | EJ22: =SUM(EC22:ED22,DX22:DY22,DS22:DT22,DN22:DO22,DI22:DJ22,EI22,) -> 0 | EK22: =SUM(EE22:EH22,DZ22:EB22,DU22:DW22,DP22:DR22,DK22:DM22,DG22:DH22) -> 0 | EO22: =SUM(EL22:EN22) -> 0 | EY22: =SUM(EP22:EX22) -> 0 | FH22: =SUM(EZ22:FG22) -> 0 | FS22: =SUM(FI22:FR22) -> 0 | GQ22: =SUM(FT22:GP22) -> 0 | GS22: =SUM(GR22) -> 0 | HS22: =SUM(GT22:HR22) -> 0 | HV22: =SUM(HT22:HU22) -> 0 | IC22: =SUM(HW22:IB22) -> 0 | IN22: =SUM(ID22:IM22) -> 0 | IO22: =SUM(AT22,BU22,BY22,DC22,DF22,EK22,EO22,EY22,FH22,FS22,GQ22,GS22,HS22,HV22,IC22,IN22,EJ22) -> 0 | JD22: =SUM(IP22,IR22,IT22,IZ22,JB22,IX22,IV22) -> 0 | JE22: =SUM(IQ22,IS22,IU22,JA22,JC22,IY22,IW22) -> 0 | JF22: =SUM(JD22:JE22) -> 0 | JL22: =SUM(JG22:JK22) -> 0 | JO22: =SUM(JM22:JN22) -> 0 | KG22: =SUM(JP22:KF22) -> 0 | KY22: =SUM(KH22:KX22) -> 0
A23: M | B23: 31100 | C23: Municipio Libertad | D23: =SUM(D24:D26) -> 0 | E23: =SUM(E24:E26) -> 0 | F23: =SUM(F24:F26) -> 0 | G23: =SUM(G24:G26) -> 0 | H23: =SUM(H24:H26) -> 0 | I23: =SUM(I24:I26) -> 0 | J23: =SUM(J24:J26) -> 0 | K23: =SUM(K24:K26) -> 0 | ... Y23: =SUM(Y24:Y26) -> 0 | Z23: =IFERROR(O23/D23,0) -> 0 | AA23: =IFERROR(P23/E23,0) -> 0 | AB23: =IFERROR(Q23/F23,0) -> 0 | AC23: =IFERROR(R23/G23,0) -> 0 | AD23: =IFERROR(S23/H23,0) -> 0 | AE23: =IFERROR(T23/I23,0) -> 0 | AF23: =IFERROR(U23/J23,0) -> 0 | AG23: =IFERROR(V23/K23,0) -> 0 | ... AJ23: =IFERROR(Y23/N23,0) -> 0 | AK23: =SUM(AK24:AK26) -> 0 | AL23: =SUM(AL24:AL26) -> 0 | AM23: =SUM(AM24:AM26) -> 0 | AN23: =SUM(AN24:AN26) -> 0 | AO23: =SUM(AO24:AO26) -> 0 | AP23: =SUM(AP24:AP26) -> 0 | AQ23: =SUM(AQ24:AQ26) -> 0 | AR23: =SUM(AR24:AR26) -> 0 | ... EX23: =SUM(EX24:EX26) -> 0 | EY23: =SUM(EP23:EX23) -> 0 | EZ23: =SUM(EZ24:EZ26) -> 0 | FA23: =SUM(FA24:FA26) -> 0 | FB23: =SUM(FB24:FB26) -> 0 | FC23: =SUM(FC24:FC26) -> 0 | FD23: =SUM(FD24:FD26) -> 0 | FE23: =SUM(FE24:FE26) -> 0 | FF23: =SUM(FF24:FF26) -> 0 | FG23: =SUM(FG24:FG26) -> 0 | ... GP23: =SUM(GP24:GP26) -> 0 | GQ23: =SUM(FT23:GP23) -> 0 | GR23: =SUM(GR24:GR26) -> 0 | GS23: =SUM(GS24:GS26) -> 0 | GT23: =SUM(GT24:GT26) -> 0 | GU23: =SUM(GU24:GU26) -> 0 | GV23: =SUM(GV24:GV26) -> 0 | GW23: =SUM(GW24:GW26) -> 0 | GX23: =SUM(GX24:GX26) -> 0 | GY23: =SUM(GY24:GY26) -> 0 | ... MM23: =SUM(MM24:MM26) -> 0
A24: P | B24: 31101 | C24: Parroquia Capital Libertad | N24: =SUM(D24:M24) -> 0 | Y24: =SUM(O24:X24) -> 0 | Z24: =IFERROR(O24/D24,0) -> 0 | AA24: =IFERROR(P24/E24,0) -> 0 | AB24: =IFERROR(Q24/F24,0) -> 0 | AC24: =IFERROR(R24/G24,0) -> 0 | AD24: =IFERROR(S24/H24,0) -> 0 | AE24: =IFERROR(T24/I24,0) -> 0 | AF24: =IFERROR(U24/J24,0) -> 0 | AG24: =IFERROR(V24/K24,0) -> 0 | ... AJ24: =IFERROR(Y24/N24,0) -> 0 | AT24: =SUM(AL24:AS24) -> 0 | BU24: =SUM(AU24:BT24) -> 0 | BY24: =SUM(BV24:BX24) -> 0 | DC24: =SUM(BZ24:DB24) -> 0 | DF24: =SUM(DD24:DE24) -> 0 | EJ24: =SUM(EC24:ED24,DX24:DY24,DS24:DT24,DN24:DO24,DI24:DJ24,EI24,) -> 0 | EK24: =SUM(EE24:EH24,DZ24:EB24,DU24:DW24,DP24:DR24,DK24:DM24,DG24:DH24) -> 0 | EO24: =SUM(EL24:EN24) -> 0 | EY24: =SUM(EP24:EX24) -> 0 | FH24: =SUM(EZ24:FG24) -> 0 | FS24: =SUM(FI24:FR24) -> 0 | GQ24: =SUM(FT24:GP24) -> 0 | GS24: =SUM(GR24) -> 0 | HS24: =SUM(GT24:HR24) -> 0 | HV24: =SUM(HT24:HU24) -> 0 | IC24: =SUM(HW24:IB24) -> 0 | IN24: =SUM(ID24:IM24) -> 0 | IO24: =SUM(AT24,BU24,BY24,DC24,DF24,EK24,EO24,EY24,FH24,FS24,GQ24,GS24,HS24,HV24,IC24,IN24,EJ24) -> 0 | JD24: =SUM(IP24,IR24,IT24,IZ24,JB24,IX24,IV24) -> 0 | JE24: =SUM(IQ24,IS24,IU24,JA24,JC24,IY24,IW24) -> 0 | JF24: =SUM(JD24:JE24) -> 0 | JL24: =SUM(JG24:JK24) -> 0 | JO24: =SUM(JM24:JN24) -> 0 | KG24: =SUM(JP24:KF24) -> 0 | KY24: =SUM(KH24:KX24) -> 0
A25: P | B25: 31102 | C25: Parroquia El Carito | N25: =SUM(D25:M25) -> 0 | Y25: =SUM(O25:X25) -> 0 | Z25: =IFERROR(O25/D25,0) -> 0 | AA25: =IFERROR(P25/E25,0) -> 0 | AB25: =IFERROR(Q25/F25,0) -> 0 | AC25: =IFERROR(R25/G25,0) -> 0 | AD25: =IFERROR(S25/H25,0) -> 0 | AE25: =IFERROR(T25/I25,0) -> 0 | AF25: =IFERROR(U25/J25,0) -> 0 | AG25: =IFERROR(V25/K25,0) -> 0 | ... AJ25: =IFERROR(Y25/N25,0) -> 0 | AT25: =SUM(AL25:AS25) -> 0 | BU25: =SUM(AU25:BT25) -> 0 | BY25: =SUM(BV25:BX25) -> 0 | DC25: =SUM(BZ25:DB25) -> 0 | DF25: =SUM(DD25:DE25) -> 0 | EJ25: =SUM(EC25:ED25,DX25:DY25,DS25:DT25,DN25:DO25,DI25:DJ25,EI25,) -> 0 | EK25: =SUM(EE25:EH25,DZ25:EB25,DU25:DW25,DP25:DR25,DK25:DM25,DG25:DH25) -> 0 | EO25: =SUM(EL25:EN25) -> 0 | EY25: =SUM(EP25:EX25) -> 0 | FH25: =SUM(EZ25:FG25) -> 0 | FS25: =SUM(FI25:FR25) -> 0 | GQ25: =SUM(FT25:GP25) -> 0 | GS25: =SUM(GR25) -> 0 | HS25: =SUM(GT25:HR25) -> 0 | HV25: =SUM(HT25:HU25) -> 0 | IC25: =SUM(HW25:IB25) -> 0 | IN25: =SUM(ID25:IM25) -> 0 | IO25: =SUM(AT25,BU25,BY25,DC25,DF25,EK25,EO25,EY25,FH25,FS25,GQ25,GS25,HS25,HV25,IC25,IN25,EJ25) -> 0 | JD25: =SUM(IP25,IR25,IT25,IZ25,JB25,IX25,IV25) -> 0 | JE25: =SUM(IQ25,IS25,IU25,JA25,JC25,IY25,IW25) -> 0 | JF25: =SUM(JD25:JE25) -> 0 | JL25: =SUM(JG25:JK25) -> 0 | JO25: =SUM(JM25:JN25) -> 0 | KG25: =SUM(JP25:KF25) -> 0 | KY25: =SUM(KH25:KX25) -> 0
A26: P | B26: 31103 | C26: Parroquia Santa Inés | N26: =SUM(D26:M26) -> 0 | Y26: =SUM(O26:X26) -> 0 | Z26: =IFERROR(O26/D26,0) -> 0 | AA26: =IFERROR(P26/E26,0) -> 0 | AB26: =IFERROR(Q26/F26,0) -> 0 | AC26: =IFERROR(R26/G26,0) -> 0 | AD26: =IFERROR(S26/H26,0) -> 0 | AE26: =IFERROR(T26/I26,0) -> 0 | AF26: =IFERROR(U26/J26,0) -> 0 | AG26: =IFERROR(V26/K26,0) -> 0 | ... AJ26: =IFERROR(Y26/N26,0) -> 0 | AT26: =SUM(AL26:AS26) -> 0 | BU26: =SUM(AU26:BT26) -> 0 | BY26: =SUM(BV26:BX26) -> 0 | DC26: =SUM(BZ26:DB26) -> 0 | DF26: =SUM(DD26:DE26) -> 0 | EJ26: =SUM(EC26:ED26,DX26:DY26,DS26:DT26,DN26:DO26,DI26:DJ26,EI26,) -> 0 | EK26: =SUM(EE26:EH26,DZ26:EB26,DU26:DW26,DP26:DR26,DK26:DM26,DG26:DH26) -> 0 | EO26: =SUM(EL26:EN26) -> 0 | EY26: =SUM(EP26:EX26) -> 0 | FH26: =SUM(EZ26:FG26) -> 0 | FS26: =SUM(FI26:FR26) -> 0 | GQ26: =SUM(FT26:GP26) -> 0 | GS26: =SUM(GR26) -> 0 | HS26: =SUM(GT26:HR26) -> 0 | HV26: =SUM(HT26:HU26) -> 0 | IC26: =SUM(HW26:IB26) -> 0 | IN26: =SUM(ID26:IM26) -> 0 | IO26: =SUM(AT26,BU26,BY26,DC26,DF26,EK26,EO26,EY26,FH26,FS26,GQ26,GS26,HS26,HV26,IC26,IN26,EJ26) -> 0 | JD26: =SUM(IP26,IR26,IT26,IZ26,JB26,IX26,IV26) -> 0 | JE26: =SUM(IQ26,IS26,IU26,JA26,JC26,IY26,IW26) -> 0 | JF26: =SUM(JD26:JE26) -> 0 | JL26: =SUM(JG26:JK26) -> 0 | JO26: =SUM(JM26:JN26) -> 0 | KG26: =SUM(JP26:KF26) -> 0 | KY26: =SUM(KH26:KX26) -> 0
A27: M | B27: 31400 | C27: Municipio Píritu | D27: =SUM(D28:D29) -> 0 | E27: =SUM(E28:E29) -> 0 | F27: =SUM(F28:F29) -> 0 | G27: =SUM(G28:G29) -> 0 | H27: =SUM(H28:H29) -> 0 | I27: =SUM(I28:I29) -> 0 | J27: =SUM(J28:J29) -> 0 | K27: =SUM(K28:K29) -> 0 | ... Y27: =SUM(Y28:Y29) -> 0 | Z27: =IFERROR(O27/D27,0) -> 0 | AA27: =IFERROR(P27/E27,0) -> 0 | AB27: =IFERROR(Q27/F27,0) -> 0 | AC27: =IFERROR(R27/G27,0) -> 0 | AD27: =IFERROR(S27/H27,0) -> 0 | AE27: =IFERROR(T27/I27,0) -> 0 | AF27: =IFERROR(U27/J27,0) -> 0 | AG27: =IFERROR(V27/K27,0) -> 0 | ... AJ27: =IFERROR(Y27/N27,0) -> 0 | AK27: =SUM(AK28:AK29) -> 0 | AL27: =SUM(AL28:AL29) -> 0 | AM27: =SUM(AM28:AM29) -> 0 | AN27: =SUM(AN28:AN29) -> 0 | AO27: =SUM(AO28:AO29) -> 0 | AP27: =SUM(AP28:AP29) -> 0 | AQ27: =SUM(AQ28:AQ29) -> 0 | AR27: =SUM(AR28:AR29) -> 0 | ... EX27: =SUM(EX28:EX29) -> 0 | EY27: =SUM(EP27:EX27) -> 0 | EZ27: =SUM(EZ28:EZ29) -> 0 | FA27: =SUM(FA28:FA29) -> 0 | FB27: =SUM(FB28:FB29) -> 0 | FC27: =SUM(FC28:FC29) -> 0 | FD27: =SUM(FD28:FD29) -> 0 | FE27: =SUM(FE28:FE29) -> 0 | FF27: =SUM(FF28:FF29) -> 0 | FG27: =SUM(FG28:FG29) -> 0 | ... GP27: =SUM(GP28:GP29) -> 0 | GQ27: =SUM(FT27:GP27) -> 0 | GR27: =SUM(GR28:GR29) -> 0 | GS27: =SUM(GS28:GS29) -> 0 | GT27: =SUM(GT28:GT29) -> 0 | GU27: =SUM(GU28:GU29) -> 0 | GV27: =SUM(GV28:GV29) -> 0 | GW27: =SUM(GW28:GW29) -> 0 | GX27: =SUM(GX28:GX29) -> 0 | GY27: =SUM(GY28:GY29) -> 0 | ... MM27: =SUM(MM28:MM29) -> 0
A28: P | B28: 31401 | C28: Parroquia Capital Píritu | N28: =SUM(D28:M28) -> 0 | Y28: =SUM(O28:X28) -> 0 | Z28: =IFERROR(O28/D28,0) -> 0 | AA28: =IFERROR(P28/E28,0) -> 0 | AB28: =IFERROR(Q28/F28,0) -> 0 | AC28: =IFERROR(R28/G28,0) -> 0 | AD28: =IFERROR(S28/H28,0) -> 0 | AE28: =IFERROR(T28/I28,0) -> 0 | AF28: =IFERROR(U28/J28,0) -> 0 | AG28: =IFERROR(V28/K28,0) -> 0 | ... AJ28: =IFERROR(Y28/N28,0) -> 0 | AT28: =SUM(AL28:AS28) -> 0 | BU28: =SUM(AU28:BT28) -> 0 | BY28: =SUM(BV28:BX28) -> 0 | DC28: =SUM(BZ28:DB28) -> 0 | DF28: =SUM(DD28:DE28) -> 0 | EJ28: =SUM(EC28:ED28,DX28:DY28,DS28:DT28,DN28:DO28,DI28:DJ28,EI28,) -> 0 | EK28: =SUM(EE28:EH28,DZ28:EB28,DU28:DW28,DP28:DR28,DK28:DM28,DG28:DH28) -> 0 | EO28: =SUM(EL28:EN28) -> 0 | EY28: =SUM(EP28:EX28) -> 0 | FH28: =SUM(EZ28:FG28) -> 0 | FS28: =SUM(FI28:FR28) -> 0 | GQ28: =SUM(FT28:GP28) -> 0 | GS28: =SUM(GR28) -> 0 | HS28: =SUM(GT28:HR28) -> 0 | HV28: =SUM(HT28:HU28) -> 0 | IC28: =SUM(HW28:IB28) -> 0 | IN28: =SUM(ID28:IM28) -> 0 | IO28: =SUM(AT28,BU28,BY28,DC28,DF28,EK28,EO28,EY28,FH28,FS28,GQ28,GS28,HS28,HV28,IC28,IN28,EJ28) -> 0 | JD28: =SUM(IP28,IR28,IT28,IZ28,JB28,IX28,IV28) -> 0 | JE28: =SUM(IQ28,IS28,IU28,JA28,JC28,IY28,IW28) -> 0 | JF28: =SUM(JD28:JE28) -> 0 | JL28: =SUM(JG28:JK28) -> 0 | JO28: =SUM(JM28:JN28) -> 0 | KG28: =SUM(JP28:KF28) -> 0 | KY28: =SUM(KH28:KX28) -> 0
A29: P | B29: 31402 | C29: Parroquia San Francisco | N29: =SUM(D29:M29) -> 0 | Y29: =SUM(O29:X29) -> 0 | Z29: =IFERROR(O29/D29,0) -> 0 | AA29: =IFERROR(P29/E29,0) -> 0 | AB29: =IFERROR(Q29/F29,0) -> 0 | AC29: =IFERROR(R29/G29,0) -> 0 | AD29: =IFERROR(S29/H29,0) -> 0 | AE29: =IFERROR(T29/I29,0) -> 0 | AF29: =IFERROR(U29/J29,0) -> 0 | AG29: =IFERROR(V29/K29,0) -> 0 | ... AJ29: =IFERROR(Y29/N29,0) -> 0 | AT29: =SUM(AL29:AS29) -> 0 | BU29: =SUM(AU29:BT29) -> 0 | BY29: =SUM(BV29:BX29) -> 0 | DC29: =SUM(BZ29:DB29) -> 0 | DF29: =SUM(DD29:DE29) -> 0 | EJ29: =SUM(EC29:ED29,DX29:DY29,DS29:DT29,DN29:DO29,DI29:DJ29,EI29,) -> 0 | EK29: =SUM(EE29:EH29,DZ29:EB29,DU29:DW29,DP29:DR29,DK29:DM29,DG29:DH29) -> 0 | EO29: =SUM(EL29:EN29) -> 0 | EY29: =SUM(EP29:EX29) -> 0 | FH29: =SUM(EZ29:FG29) -> 0 | FS29: =SUM(FI29:FR29) -> 0 | GQ29: =SUM(FT29:GP29) -> 0 | GS29: =SUM(GR29) -> 0 | HS29: =SUM(GT29:HR29) -> 0 | HV29: =SUM(HT29:HU29) -> 0 | IC29: =SUM(HW29:IB29) -> 0 | IN29: =SUM(ID29:IM29) -> 0 | IO29: =SUM(AT29,BU29,BY29,DC29,DF29,EK29,EO29,EY29,FH29,FS29,GQ29,GS29,HS29,HV29,IC29,IN29,EJ29) -> 0 | JD29: =SUM(IP29,IR29,IT29,IZ29,JB29,IX29,IV29) -> 0 | JE29: =SUM(IQ29,IS29,IU29,JA29,JC29,IY29,IW29) -> 0 | JF29: =SUM(JD29:JE29) -> 0 | JL29: =SUM(JG29:JK29) -> 0 | JO29: =SUM(JM29:JN29) -> 0 | KG29: =SUM(JP29:KF29) -> 0 | KY29: =SUM(KH29:KX29) -> 0
A30: M | B30: 31200 | C30: Municipio Manuel Ezequiel Bruzual | D30: =SUM(D31:D33) -> 0 | E30: =SUM(E31:E33) -> 0 | F30: =SUM(F31:F33) -> 0 | G30: =SUM(G31:G33) -> 0 | H30: =SUM(H31:H33) -> 0 | I30: =SUM(I31:I33) -> 0 | J30: =SUM(J31:J33) -> 0 | K30: =SUM(K31:K33) -> 0 | ... Y30: =SUM(Y31:Y33) -> 0 | Z30: =IFERROR(O30/D30,0) -> 0 | AA30: =IFERROR(P30/E30,0) -> 0 | AB30: =IFERROR(Q30/F30,0) -> 0 | AC30: =IFERROR(R30/G30,0) -> 0 | AD30: =IFERROR(S30/H30,0) -> 0 | AE30: =IFERROR(T30/I30,0) -> 0 | AF30: =IFERROR(U30/J30,0) -> 0 | AG30: =IFERROR(V30/K30,0) -> 0 | ... AJ30: =IFERROR(Y30/N30,0) -> 0 | AK30: =SUM(AK31:AK33) -> 0 | AL30: =SUM(AL31:AL33) -> 0 | AM30: =SUM(AM31:AM33) -> 0 | AN30: =SUM(AN31:AN33) -> 0 | AO30: =SUM(AO31:AO33) -> 0 | AP30: =SUM(AP31:AP33) -> 0 | AQ30: =SUM(AQ31:AQ33) -> 0 | AR30: =SUM(AR31:AR33) -> 0 | ... EX30: =SUM(EX31:EX33) -> 0 | EY30: =SUM(EP30:EX30) -> 0 | EZ30: =SUM(EZ31:EZ33) -> 0 | FA30: =SUM(FA31:FA33) -> 0 | FB30: =SUM(FB31:FB33) -> 0 | FC30: =SUM(FC31:FC33) -> 0 | FD30: =SUM(FD31:FD33) -> 0 | FE30: =SUM(FE31:FE33) -> 0 | FF30: =SUM(FF31:FF33) -> 0 | FG30: =SUM(FG31:FG33) -> 0 | ... GP30: =SUM(GP31:GP33) -> 0 | GQ30: =SUM(FT30:GP30) -> 0 | GR30: =SUM(GR31:GR33) -> 0 | GS30: =SUM(GS31:GS33) -> 0 | GT30: =SUM(GT31:GT33) -> 0 | GU30: =SUM(GU31:GU33) -> 0 | GV30: =SUM(GV31:GV33) -> 0 | GW30: =SUM(GW31:GW33) -> 0 | GX30: =SUM(GX31:GX33) -> 0 | GY30: =SUM(GY31:GY33) -> 0 | ... MM30: =SUM(MM31:MM33) -> 0
A31: P | B31: 31201 | C31: Parroquia Capital Manuel Ezequiel Bruzual | N31: =SUM(D31:M31) -> 0 | Y31: =SUM(O31:X31) -> 0 | Z31: =IFERROR(O31/D31,0) -> 0 | AA31: =IFERROR(P31/E31,0) -> 0 | AB31: =IFERROR(Q31/F31,0) -> 0 | AC31: =IFERROR(R31/G31,0) -> 0 | AD31: =IFERROR(S31/H31,0) -> 0 | AE31: =IFERROR(T31/I31,0) -> 0 | AF31: =IFERROR(U31/J31,0) -> 0 | AG31: =IFERROR(V31/K31,0) -> 0 | ... AJ31: =IFERROR(Y31/N31,0) -> 0 | AT31: =SUM(AL31:AS31) -> 0 | BU31: =SUM(AU31:BT31) -> 0 | BY31: =SUM(BV31:BX31) -> 0 | DC31: =SUM(BZ31:DB31) -> 0 | DF31: =SUM(DD31:DE31) -> 0 | EJ31: =SUM(EC31:ED31,DX31:DY31,DS31:DT31,DN31:DO31,DI31:DJ31,EI31,) -> 0 | EK31: =SUM(EE31:EH31,DZ31:EB31,DU31:DW31,DP31:DR31,DK31:DM31,DG31:DH31) -> 0 | EO31: =SUM(EL31:EN31) -> 0 | EY31: =SUM(EP31:EX31) -> 0 | FH31: =SUM(EZ31:FG31) -> 0 | FS31: =SUM(FI31:FR31) -> 0 | GQ31: =SUM(FT31:GP31) -> 0 | GS31: =SUM(GR31) -> 0 | HS31: =SUM(GT31:HR31) -> 0 | HV31: =SUM(HT31:HU31) -> 0 | IC31: =SUM(HW31:IB31) -> 0 | IN31: =SUM(ID31:IM31) -> 0 | IO31: =SUM(AT31,BU31,BY31,DC31,DF31,EK31,EO31,EY31,FH31,FS31,GQ31,GS31,HS31,HV31,IC31,IN31,EJ31) -> 0 | JD31: =SUM(IP31,IR31,IT31,IZ31,JB31,IX31,IV31) -> 0 | JE31: =SUM(IQ31,IS31,IU31,JA31,JC31,IY31,IW31) -> 0 | JF31: =SUM(JD31:JE31) -> 0 | JL31: =SUM(JG31:JK31) -> 0 | JO31: =SUM(JM31:JN31) -> 0 | KG31: =SUM(JP31:KF31) -> 0 | KY31: =SUM(KH31:KX31) -> 0
A32: P | B32: 31202 | C32: Parroquia Guanape | N32: =SUM(D32:M32) -> 0 | Y32: =SUM(O32:X32) -> 0 | Z32: =IFERROR(O32/D32,0) -> 0 | AA32: =IFERROR(P32/E32,0) -> 0 | AB32: =IFERROR(Q32/F32,0) -> 0 | AC32: =IFERROR(R32/G32,0) -> 0 | AD32: =IFERROR(S32/H32,0) -> 0 | AE32: =IFERROR(T32/I32,0) -> 0 | AF32: =IFERROR(U32/J32,0) -> 0 | AG32: =IFERROR(V32/K32,0) -> 0 | ... AJ32: =IFERROR(Y32/N32,0) -> 0 | AT32: =SUM(AL32:AS32) -> 0 | BU32: =SUM(AU32:BT32) -> 0 | BY32: =SUM(BV32:BX32) -> 0 | DC32: =SUM(BZ32:DB32) -> 0 | DF32: =SUM(DD32:DE32) -> 0 | EJ32: =SUM(EC32:ED32,DX32:DY32,DS32:DT32,DN32:DO32,DI32:DJ32,EI32,) -> 0 | EK32: =SUM(EE32:EH32,DZ32:EB32,DU32:DW32,DP32:DR32,DK32:DM32,DG32:DH32) -> 0 | EO32: =SUM(EL32:EN32) -> 0 | EY32: =SUM(EP32:EX32) -> 0 | FH32: =SUM(EZ32:FG32) -> 0 | FS32: =SUM(FI32:FR32) -> 0 | GQ32: =SUM(FT32:GP32) -> 0 | GS32: =SUM(GR32) -> 0 | HS32: =SUM(GT32:HR32) -> 0 | HV32: =SUM(HT32:HU32) -> 0 | IC32: =SUM(HW32:IB32) -> 0 | IN32: =SUM(ID32:IM32) -> 0 | IO32: =SUM(AT32,BU32,BY32,DC32,DF32,EK32,EO32,EY32,FH32,FS32,GQ32,GS32,HS32,HV32,IC32,IN32,EJ32) -> 0 | JD32: =SUM(IP32,IR32,IT32,IZ32,JB32,IX32,IV32) -> 0 | JE32: =SUM(IQ32,IS32,IU32,JA32,JC32,IY32,IW32) -> 0 | JF32: =SUM(JD32:JE32) -> 0 | JL32: =SUM(JG32:JK32) -> 0 | JO32: =SUM(JM32:JN32) -> 0 | KG32: =SUM(JP32:KF32) -> 0 | KY32: =SUM(KH32:KX32) -> 0
A33: P | B33: 31203 | C33: Parroquia Sabana de Uchire | N33: =SUM(D33:M33) -> 0 | Y33: =SUM(O33:X33) -> 0 | Z33: =IFERROR(O33/D33,0) -> 0 | AA33: =IFERROR(P33/E33,0) -> 0 | AB33: =IFERROR(Q33/F33,0) -> 0 | AC33: =IFERROR(R33/G33,0) -> 0 | AD33: =IFERROR(S33/H33,0) -> 0 | AE33: =IFERROR(T33/I33,0) -> 0 | AF33: =IFERROR(U33/J33,0) -> 0 | AG33: =IFERROR(V33/K33,0) -> 0 | ... AJ33: =IFERROR(Y33/N33,0) -> 0 | AT33: =SUM(AL33:AS33) -> 0 | BU33: =SUM(AU33:BT33) -> 0 | BY33: =SUM(BV33:BX33) -> 0 | DC33: =SUM(BZ33:DB33) -> 0 | DF33: =SUM(DD33:DE33) -> 0 | EJ33: =SUM(EC33:ED33,DX33:DY33,DS33:DT33,DN33:DO33,DI33:DJ33,EI33,) -> 0 | EK33: =SUM(EE33:EH33,DZ33:EB33,DU33:DW33,DP33:DR33,DK33:DM33,DG33:DH33) -> 0 | EO33: =SUM(EL33:EN33) -> 0 | EY33: =SUM(EP33:EX33) -> 0 | FH33: =SUM(EZ33:FG33) -> 0 | FS33: =SUM(FI33:FR33) -> 0 | GQ33: =SUM(FT33:GP33) -> 0 | GS33: =SUM(GR33) -> 0 | HS33: =SUM(GT33:HR33) -> 0 | HV33: =SUM(HT33:HU33) -> 0 | IC33: =SUM(HW33:IB33) -> 0 | IN33: =SUM(ID33:IM33) -> 0 | IO33: =SUM(AT33,BU33,BY33,DC33,DF33,EK33,EO33,EY33,FH33,FS33,GQ33,GS33,HS33,HV33,IC33,IN33,EJ33) -> 0 | JD33: =SUM(IP33,IR33,IT33,IZ33,JB33,IX33,IV33) -> 0 | JE33: =SUM(IQ33,IS33,IU33,JA33,JC33,IY33,IW33) -> 0 | JF33: =SUM(JD33:JE33) -> 0 | JL33: =SUM(JG33:JK33) -> 0 | JO33: =SUM(JM33:JN33) -> 0 | KG33: =SUM(JP33:KF33) -> 0 | KY33: =SUM(KH33:KX33) -> 0
A34: M | B34: 30900 | C34: Municipio Juan Manuel Cajigal | D34: =SUM(D35:D36) -> 0 | E34: =SUM(E35:E36) -> 0 | F34: =SUM(F35:F36) -> 0 | G34: =SUM(G35:G36) -> 0 | H34: =SUM(H35:H36) -> 0 | I34: =SUM(I35:I36) -> 0 | J34: =SUM(J35:J36) -> 0 | K34: =SUM(K35:K36) -> 0 | ... Y34: =SUM(Y35:Y36) -> 0 | Z34: =IFERROR(O34/D34,0) -> 0 | AA34: =IFERROR(P34/E34,0) -> 0 | AB34: =IFERROR(Q34/F34,0) -> 0 | AC34: =IFERROR(R34/G34,0) -> 0 | AD34: =IFERROR(S34/H34,0) -> 0 | AE34: =IFERROR(T34/I34,0) -> 0 | AF34: =IFERROR(U34/J34,0) -> 0 | AG34: =IFERROR(V34/K34,0) -> 0 | ... AJ34: =IFERROR(Y34/N34,0) -> 0 | AK34: =SUM(AK35:AK36) -> 0 | AL34: =SUM(AL35:AL36) -> 0 | AM34: =SUM(AM35:AM36) -> 0 | AN34: =SUM(AN35:AN36) -> 0 | AO34: =SUM(AO35:AO36) -> 0 | AP34: =SUM(AP35:AP36) -> 0 | AQ34: =SUM(AQ35:AQ36) -> 0 | AR34: =SUM(AR35:AR36) -> 0 | ... EX34: =SUM(EX35:EX36) -> 0 | EY34: =SUM(EP34:EX34) -> 0 | EZ34: =SUM(EZ35:EZ36) -> 0 | FA34: =SUM(FA35:FA36) -> 0 | FB34: =SUM(FB35:FB36) -> 0 | FC34: =SUM(FC35:FC36) -> 0 | FD34: =SUM(FD35:FD36) -> 0 | FE34: =SUM(FE35:FE36) -> 0 | FF34: =SUM(FF35:FF36) -> 0 | FG34: =SUM(FG35:FG36) -> 0 | ... GP34: =SUM(GP35:GP36) -> 0 | GQ34: =SUM(FT34:GP34) -> 0 | GR34: =SUM(GR35:GR36) -> 0 | GS34: =SUM(GS35:GS36) -> 0 | GT34: =SUM(GT35:GT36) -> 0 | GU34: =SUM(GU35:GU36) -> 0 | GV34: =SUM(GV35:GV36) -> 0 | GW34: =SUM(GW35:GW36) -> 0 | GX34: =SUM(GX35:GX36) -> 0 | GY34: =SUM(GY35:GY36) -> 0 | ... MM34: =SUM(MM35:MM36) -> 0
A35: P | B35: 30901 | C35: Parroquia Capital Juan Manuel Cajigal | N35: =SUM(D35:M35) -> 0 | Y35: =SUM(O35:X35) -> 0 | Z35: =IFERROR(O35/D35,0) -> 0 | AA35: =IFERROR(P35/E35,0) -> 0 | AB35: =IFERROR(Q35/F35,0) -> 0 | AC35: =IFERROR(R35/G35,0) -> 0 | AD35: =IFERROR(S35/H35,0) -> 0 | AE35: =IFERROR(T35/I35,0) -> 0 | AF35: =IFERROR(U35/J35,0) -> 0 | AG35: =IFERROR(V35/K35,0) -> 0 | ... AJ35: =IFERROR(Y35/N35,0) -> 0 | AT35: =SUM(AL35:AS35) -> 0 | BU35: =SUM(AU35:BT35) -> 0 | BY35: =SUM(BV35:BX35) -> 0 | DC35: =SUM(BZ35:DB35) -> 0 | DF35: =SUM(DD35:DE35) -> 0 | EJ35: =SUM(EC35:ED35,DX35:DY35,DS35:DT35,DN35:DO35,DI35:DJ35,EI35,) -> 0 | EK35: =SUM(EE35:EH35,DZ35:EB35,DU35:DW35,DP35:DR35,DK35:DM35,DG35:DH35) -> 0 | EO35: =SUM(EL35:EN35) -> 0 | EY35: =SUM(EP35:EX35) -> 0 | FH35: =SUM(EZ35:FG35) -> 0 | FS35: =SUM(FI35:FR35) -> 0 | GQ35: =SUM(FT35:GP35) -> 0 | GS35: =SUM(GR35) -> 0 | HS35: =SUM(GT35:HR35) -> 0 | HV35: =SUM(HT35:HU35) -> 0 | IC35: =SUM(HW35:IB35) -> 0 | IN35: =SUM(ID35:IM35) -> 0 | IO35: =SUM(AT35,BU35,BY35,DC35,DF35,EK35,EO35,EY35,FH35,FS35,GQ35,GS35,HS35,HV35,IC35,IN35,EJ35) -> 0 | JD35: =SUM(IP35,IR35,IT35,IZ35,JB35,IX35,IV35) -> 0 | JE35: =SUM(IQ35,IS35,IU35,JA35,JC35,IY35,IW35) -> 0 | JF35: =SUM(JD35:JE35) -> 0 | JL35: =SUM(JG35:JK35) -> 0 | JO35: =SUM(JM35:JN35) -> 0 | KG35: =SUM(JP35:KF35) -> 0 | KY35: =SUM(KH35:KX35) -> 0
A36: P | B36: 30902 | C36: Parroquia San Pablo | N36: =SUM(D36:M36) -> 0 | Y36: =SUM(O36:X36) -> 0 | Z36: =IFERROR(O36/D36,0) -> 0 | AA36: =IFERROR(P36/E36,0) -> 0 | AB36: =IFERROR(Q36/F36,0) -> 0 | AC36: =IFERROR(R36/G36,0) -> 0 | AD36: =IFERROR(S36/H36,0) -> 0 | AE36: =IFERROR(T36/I36,0) -> 0 | AF36: =IFERROR(U36/J36,0) -> 0 | AG36: =IFERROR(V36/K36,0) -> 0 | ... AJ36: =IFERROR(Y36/N36,0) -> 0 | AT36: =SUM(AL36:AS36) -> 0 | BU36: =SUM(AU36:BT36) -> 0 | BY36: =SUM(BV36:BX36) -> 0 | DC36: =SUM(BZ36:DB36) -> 0 | DF36: =SUM(DD36:DE36) -> 0 | EJ36: =SUM(EC36:ED36,DX36:DY36,DS36:DT36,DN36:DO36,DI36:DJ36,EI36,) -> 0 | EK36: =SUM(EE36:EH36,DZ36:EB36,DU36:DW36,DP36:DR36,DK36:DM36,DG36:DH36) -> 0 | EO36: =SUM(EL36:EN36) -> 0 | EY36: =SUM(EP36:EX36) -> 0 | FH36: =SUM(EZ36:FG36) -> 0 | FS36: =SUM(FI36:FR36) -> 0 | GQ36: =SUM(FT36:GP36) -> 0 | GS36: =SUM(GR36) -> 0 | HS36: =SUM(GT36:HR36) -> 0 | HV36: =SUM(HT36:HU36) -> 0 | IC36: =SUM(HW36:IB36) -> 0 | IN36: =SUM(ID36:IM36) -> 0 | IO36: =SUM(AT36,BU36,BY36,DC36,DF36,EK36,EO36,EY36,FH36,FS36,GQ36,GS36,HS36,HV36,IC36,IN36,EJ36) -> 0 | JD36: =SUM(IP36,IR36,IT36,IZ36,JB36,IX36,IV36) -> 0 | JE36: =SUM(IQ36,IS36,IU36,JA36,JC36,IY36,IW36) -> 0 | JF36: =SUM(JD36:JE36) -> 0 | JL36: =SUM(JG36:JK36) -> 0 | JO36: =SUM(JM36:JN36) -> 0 | KG36: =SUM(JP36:KF36) -> 0 | KY36: =SUM(KH36:KX36) -> 0
A37: M | B37: 30400 | C37: Municipio Francisco del Carmen Carvajal | D37: =SUM(D38:D39) -> 0 | E37: =SUM(E38:E39) -> 0 | F37: =SUM(F38:F39) -> 0 | G37: =SUM(G38:G39) -> 0 | H37: =SUM(H38:H39) -> 0 | I37: =SUM(I38:I39) -> 0 | J37: =SUM(J38:J39) -> 0 | K37: =SUM(K38:K39) -> 0 | ... Y37: =SUM(Y38:Y39) -> 0 | Z37: =IFERROR(O37/D37,0) -> 0 | AA37: =IFERROR(P37/E37,0) -> 0 | AB37: =IFERROR(Q37/F37,0) -> 0 | AC37: =IFERROR(R37/G37,0) -> 0 | AD37: =IFERROR(S37/H37,0) -> 0 | AE37: =IFERROR(T37/I37,0) -> 0 | AF37: =IFERROR(U37/J37,0) -> 0 | AG37: =IFERROR(V37/K37,0) -> 0 | ... AJ37: =IFERROR(Y37/N37,0) -> 0 | AK37: =SUM(AK38:AK39) -> 0 | AL37: =SUM(AL38:AL39) -> 0 | AM37: =SUM(AM38:AM39) -> 0 | AN37: =SUM(AN38:AN39) -> 0 | AO37: =SUM(AO38:AO39) -> 0 | AP37: =SUM(AP38:AP39) -> 0 | AQ37: =SUM(AQ38:AQ39) -> 0 | AR37: =SUM(AR38:AR39) -> 0 | ... EX37: =SUM(EX38:EX39) -> 0 | EY37: =SUM(EP37:EX37) -> 0 | EZ37: =SUM(EZ38:EZ39) -> 0 | FA37: =SUM(FA38:FA39) -> 0 | FB37: =SUM(FB38:FB39) -> 0 | FC37: =SUM(FC38:FC39) -> 0 | FD37: =SUM(FD38:FD39) -> 0 | FE37: =SUM(FE38:FE39) -> 0 | FF37: =SUM(FF38:FF39) -> 0 | FG37: =SUM(FG38:FG39) -> 0 | ... GP37: =SUM(GP38:GP39) -> 0 | GQ37: =SUM(FT37:GP37) -> 0 | GR37: =SUM(GR38:GR39) -> 0 | GS37: =SUM(GS38:GS39) -> 0 | GT37: =SUM(GT38:GT39) -> 0 | GU37: =SUM(GU38:GU39) -> 0 | GV37: =SUM(GV38:GV39) -> 0 | GW37: =SUM(GW38:GW39) -> 0 | GX37: =SUM(GX38:GX39) -> 0 | GY37: =SUM(GY38:GY39) -> 0 | ... MM37: =SUM(MM38:MM39) -> 0
A38: P | B38: 30401 | C38: Parroquia Capital Francisco del Carmen Carvajal | N38: =SUM(D38:M38) -> 0 | Y38: =SUM(O38:X38) -> 0 | Z38: =IFERROR(O38/D38,0) -> 0 | AA38: =IFERROR(P38/E38,0) -> 0 | AB38: =IFERROR(Q38/F38,0) -> 0 | AC38: =IFERROR(R38/G38,0) -> 0 | AD38: =IFERROR(S38/H38,0) -> 0 | AE38: =IFERROR(T38/I38,0) -> 0 | AF38: =IFERROR(U38/J38,0) -> 0 | AG38: =IFERROR(V38/K38,0) -> 0 | ... AJ38: =IFERROR(Y38/N38,0) -> 0 | AT38: =SUM(AL38:AS38) -> 0 | BU38: =SUM(AU38:BT38) -> 0 | BY38: =SUM(BV38:BX38) -> 0 | DC38: =SUM(BZ38:DB38) -> 0 | DF38: =SUM(DD38:DE38) -> 0 | EJ38: =SUM(EC38:ED38,DX38:DY38,DS38:DT38,DN38:DO38,DI38:DJ38,EI38,) -> 0 | EK38: =SUM(EE38:EH38,DZ38:EB38,DU38:DW38,DP38:DR38,DK38:DM38,DG38:DH38) -> 0 | EO38: =SUM(EL38:EN38) -> 0 | EY38: =SUM(EP38:EX38) -> 0 | FH38: =SUM(EZ38:FG38) -> 0 | FS38: =SUM(FI38:FR38) -> 0 | GQ38: =SUM(FT38:GP38) -> 0 | GS38: =SUM(GR38) -> 0 | HS38: =SUM(GT38:HR38) -> 0 | HV38: =SUM(HT38:HU38) -> 0 | IC38: =SUM(HW38:IB38) -> 0 | IN38: =SUM(ID38:IM38) -> 0 | IO38: =SUM(AT38,BU38,BY38,DC38,DF38,EK38,EO38,EY38,FH38,FS38,GQ38,GS38,HS38,HV38,IC38,IN38,EJ38) -> 0 | JD38: =SUM(IP38,IR38,IT38,IZ38,JB38,IX38,IV38) -> 0 | JE38: =SUM(IQ38,IS38,IU38,JA38,JC38,IY38,IW38) -> 0 | JF38: =SUM(JD38:JE38) -> 0 | JL38: =SUM(JG38:JK38) -> 0 | JO38: =SUM(JM38:JN38) -> 0 | KG38: =SUM(JP38:KF38) -> 0 | KY38: =SUM(KH38:KX38) -> 0
A39: P | B39: 30402 | C39: Parroquia Santa Bárbara | N39: =SUM(D39:M39) -> 0 | Y39: =SUM(O39:X39) -> 0 | Z39: =IFERROR(O39/D39,0) -> 0 | AA39: =IFERROR(P39/E39,0) -> 0 | AB39: =IFERROR(Q39/F39,0) -> 0 | AC39: =IFERROR(R39/G39,0) -> 0 | AD39: =IFERROR(S39/H39,0) -> 0 | AE39: =IFERROR(T39/I39,0) -> 0 | AF39: =IFERROR(U39/J39,0) -> 0 | AG39: =IFERROR(V39/K39,0) -> 0 | ... AJ39: =IFERROR(Y39/N39,0) -> 0 | AT39: =SUM(AL39:AS39) -> 0 | BU39: =SUM(AU39:BT39) -> 0 | BY39: =SUM(BV39:BX39) -> 0 | DC39: =SUM(BZ39:DB39) -> 0 | DF39: =SUM(DD39:DE39) -> 0 | EJ39: =SUM(EC39:ED39,DX39:DY39,DS39:DT39,DN39:DO39,DI39:DJ39,EI39,) -> 0 | EK39: =SUM(EE39:EH39,DZ39:EB39,DU39:DW39,DP39:DR39,DK39:DM39,DG39:DH39) -> 0 | EO39: =SUM(EL39:EN39) -> 0 | EY39: =SUM(EP39:EX39) -> 0 | FH39: =SUM(EZ39:FG39) -> 0 | FS39: =SUM(FI39:FR39) -> 0 | GQ39: =SUM(FT39:GP39) -> 0 | GS39: =SUM(GR39) -> 0 | HS39: =SUM(GT39:HR39) -> 0 | HV39: =SUM(HT39:HU39) -> 0 | IC39: =SUM(HW39:IB39) -> 0 | IN39: =SUM(ID39:IM39) -> 0 | IO39: =SUM(AT39,BU39,BY39,DC39,DF39,EK39,EO39,EY39,FH39,FS39,GQ39,GS39,HS39,HV39,IC39,IN39,EJ39) -> 0 | JD39: =SUM(IP39,IR39,IT39,IZ39,JB39,IX39,IV39) -> 0 | JE39: =SUM(IQ39,IS39,IU39,JA39,JC39,IY39,IW39) -> 0 | JF39: =SUM(JD39:JE39) -> 0 | JL39: =SUM(JG39:JK39) -> 0 | JO39: =SUM(JM39:JN39) -> 0 | KG39: =SUM(JP39:KF39) -> 0 | KY39: =SUM(KH39:KX39) -> 0
A40: M | B40: 30300 | C40: Municipio Fernando de Peñalver | D40: =SUM(D41:D43) -> 0 | E40: =SUM(E41:E43) -> 0 | F40: =SUM(F41:F43) -> 0 | G40: =SUM(G41:G43) -> 0 | H40: =SUM(H41:H43) -> 0 | I40: =SUM(I41:I43) -> 0 | J40: =SUM(J41:J43) -> 0 | K40: =SUM(K41:K43) -> 0 | ... Y40: =SUM(Y41:Y43) -> 0 | Z40: =IFERROR(O40/D40,0) -> 0 | AA40: =IFERROR(P40/E40,0) -> 0 | AB40: =IFERROR(Q40/F40,0) -> 0 | AC40: =IFERROR(R40/G40,0) -> 0 | AD40: =IFERROR(S40/H40,0) -> 0 | AE40: =IFERROR(T40/I40,0) -> 0 | AF40: =IFERROR(U40/J40,0) -> 0 | AG40: =IFERROR(V40/K40,0) -> 0 | ... AJ40: =IFERROR(Y40/N40,0) -> 0 | AK40: =SUM(AK41:AK43) -> 0 | AL40: =SUM(AL41:AL43) -> 0 | AM40: =SUM(AM41:AM43) -> 0 | AN40: =SUM(AN41:AN43) -> 0 | AO40: =SUM(AO41:AO43) -> 0 | AP40: =SUM(AP41:AP43) -> 0 | AQ40: =SUM(AQ41:AQ43) -> 0 | AR40: =SUM(AR41:AR43) -> 0 | ... EX40: =SUM(EX41:EX43) -> 0 | EY40: =SUM(EP40:EX40) -> 0 | EZ40: =SUM(EZ41:EZ43) -> 0 | FA40: =SUM(FA41:FA43) -> 0 | FB40: =SUM(FB41:FB43) -> 0 | FC40: =SUM(FC41:FC43) -> 0 | FD40: =SUM(FD41:FD43) -> 0 | FE40: =SUM(FE41:FE43) -> 0 | FF40: =SUM(FF41:FF43) -> 0 | FG40: =SUM(FG41:FG43) -> 0 | ... GP40: =SUM(GP41:GP43) -> 0 | GQ40: =SUM(FT40:GP40) -> 0 | GR40: =SUM(GR41:GR43) -> 0 | GS40: =SUM(GS41:GS43) -> 0 | GT40: =SUM(GT41:GT43) -> 0 | GU40: =SUM(GU41:GU43) -> 0 | GV40: =SUM(GV41:GV43) -> 0 | GW40: =SUM(GW41:GW43) -> 0 | GX40: =SUM(GX41:GX43) -> 0 | GY40: =SUM(GY41:GY43) -> 0 | ... MM40: =SUM(MM41:MM43) -> 0
A41: P | B41: 30301 | C41: Parroquia Capital Fernando de Peñalver | N41: =SUM(D41:M41) -> 0 | Y41: =SUM(O41:X41) -> 0 | Z41: =IFERROR(O41/D41,0) -> 0 | AA41: =IFERROR(P41/E41,0) -> 0 | AB41: =IFERROR(Q41/F41,0) -> 0 | AC41: =IFERROR(R41/G41,0) -> 0 | AD41: =IFERROR(S41/H41,0) -> 0 | AE41: =IFERROR(T41/I41,0) -> 0 | AF41: =IFERROR(U41/J41,0) -> 0 | AG41: =IFERROR(V41/K41,0) -> 0 | ... AJ41: =IFERROR(Y41/N41,0) -> 0 | AT41: =SUM(AL41:AS41) -> 0 | BU41: =SUM(AU41:BT41) -> 0 | BY41: =SUM(BV41:BX41) -> 0 | DC41: =SUM(BZ41:DB41) -> 0 | DF41: =SUM(DD41:DE41) -> 0 | EJ41: =SUM(EC41:ED41,DX41:DY41,DS41:DT41,DN41:DO41,DI41:DJ41,EI41,) -> 0 | EK41: =SUM(EE41:EH41,DZ41:EB41,DU41:DW41,DP41:DR41,DK41:DM41,DG41:DH41) -> 0 | EO41: =SUM(EL41:EN41) -> 0 | EY41: =SUM(EP41:EX41) -> 0 | FH41: =SUM(EZ41:FG41) -> 0 | FS41: =SUM(FI41:FR41) -> 0 | GQ41: =SUM(FT41:GP41) -> 0 | GS41: =SUM(GR41) -> 0 | HS41: =SUM(GT41:HR41) -> 0 | HV41: =SUM(HT41:HU41) -> 0 | IC41: =SUM(HW41:IB41) -> 0 | IN41: =SUM(ID41:IM41) -> 0 | IO41: =SUM(AT41,BU41,BY41,DC41,DF41,EK41,EO41,EY41,FH41,FS41,GQ41,GS41,HS41,HV41,IC41,IN41,EJ41) -> 0 | JD41: =SUM(IP41,IR41,IT41,IZ41,JB41,IX41,IV41) -> 0 | JE41: =SUM(IQ41,IS41,IU41,JA41,JC41,IY41,IW41) -> 0 | JF41: =SUM(JD41:JE41) -> 0 | JL41: =SUM(JG41:JK41) -> 0 | JO41: =SUM(JM41:JN41) -> 0 | KG41: =SUM(JP41:KF41) -> 0 | KY41: =SUM(KH41:KX41) -> 0
A42: P | B42: 30302 | C42: Parroquia San Miguel | N42: =SUM(D42:M42) -> 0 | Y42: =SUM(O42:X42) -> 0 | Z42: =IFERROR(O42/D42,0) -> 0 | AA42: =IFERROR(P42/E42,0) -> 0 | AB42: =IFERROR(Q42/F42,0) -> 0 | AC42: =IFERROR(R42/G42,0) -> 0 | AD42: =IFERROR(S42/H42,0) -> 0 | AE42: =IFERROR(T42/I42,0) -> 0 | AF42: =IFERROR(U42/J42,0) -> 0 | AG42: =IFERROR(V42/K42,0) -> 0 | ... AJ42: =IFERROR(Y42/N42,0) -> 0 | AT42: =SUM(AL42:AS42) -> 0 | BU42: =SUM(AU42:BT42) -> 0 | BY42: =SUM(BV42:BX42) -> 0 | DC42: =SUM(BZ42:DB42) -> 0 | DF42: =SUM(DD42:DE42) -> 0 | EJ42: =SUM(EC42:ED42,DX42:DY42,DS42:DT42,DN42:DO42,DI42:DJ42,EI42,) -> 0 | EK42: =SUM(EE42:EH42,DZ42:EB42,DU42:DW42,DP42:DR42,DK42:DM42,DG42:DH42) -> 0 | EO42: =SUM(EL42:EN42) -> 0 | EY42: =SUM(EP42:EX42) -> 0 | FH42: =SUM(EZ42:FG42) -> 0 | FS42: =SUM(FI42:FR42) -> 0 | GQ42: =SUM(FT42:GP42) -> 0 | GS42: =SUM(GR42) -> 0 | HS42: =SUM(GT42:HR42) -> 0 | HV42: =SUM(HT42:HU42) -> 0 | IC42: =SUM(HW42:IB42) -> 0 | IN42: =SUM(ID42:IM42) -> 0 | IO42: =SUM(AT42,BU42,BY42,DC42,DF42,EK42,EO42,EY42,FH42,FS42,GQ42,GS42,HS42,HV42,IC42,IN42,EJ42) -> 0 | JD42: =SUM(IP42,IR42,IT42,IZ42,JB42,IX42,IV42) -> 0 | JE42: =SUM(IQ42,IS42,IU42,JA42,JC42,IY42,IW42) -> 0 | JF42: =SUM(JD42:JE42) -> 0 | JL42: =SUM(JG42:JK42) -> 0 | JO42: =SUM(JM42:JN42) -> 0 | KG42: =SUM(JP42:KF42) -> 0 | KY42: =SUM(KH42:KX42) -> 0
A43: P | B43: 30303 | C43: Parroquia Sucre | N43: =SUM(D43:M43) -> 0 | Y43: =SUM(O43:X43) -> 0 | Z43: =IFERROR(O43/D43,0) -> 0 | AA43: =IFERROR(P43/E43,0) -> 0 | AB43: =IFERROR(Q43/F43,0) -> 0 | AC43: =IFERROR(R43/G43,0) -> 0 | AD43: =IFERROR(S43/H43,0) -> 0 | AE43: =IFERROR(T43/I43,0) -> 0 | AF43: =IFERROR(U43/J43,0) -> 0 | AG43: =IFERROR(V43/K43,0) -> 0 | ... AJ43: =IFERROR(Y43/N43,0) -> 0 | AT43: =SUM(AL43:AS43) -> 0 | BU43: =SUM(AU43:BT43) -> 0 | BY43: =SUM(BV43:BX43) -> 0 | DC43: =SUM(BZ43:DB43) -> 0 | DF43: =SUM(DD43:DE43) -> 0 | EJ43: =SUM(EC43:ED43,DX43:DY43,DS43:DT43,DN43:DO43,DI43:DJ43,EI43,) -> 0 | EK43: =SUM(EE43:EH43,DZ43:EB43,DU43:DW43,DP43:DR43,DK43:DM43,DG43:DH43) -> 0 | EO43: =SUM(EL43:EN43) -> 0 | EY43: =SUM(EP43:EX43) -> 0 | FH43: =SUM(EZ43:FG43) -> 0 | FS43: =SUM(FI43:FR43) -> 0 | GQ43: =SUM(FT43:GP43) -> 0 | GS43: =SUM(GR43) -> 0 | HS43: =SUM(GT43:HR43) -> 0 | HV43: =SUM(HT43:HU43) -> 0 | IC43: =SUM(HW43:IB43) -> 0 | IN43: =SUM(ID43:IM43) -> 0 | IO43: =SUM(AT43,BU43,BY43,DC43,DF43,EK43,EO43,EY43,FH43,FS43,GQ43,GS43,HS43,HV43,IC43,IN43,EJ43) -> 0 | JD43: =SUM(IP43,IR43,IT43,IZ43,JB43,IX43,IV43) -> 0 | JE43: =SUM(IQ43,IS43,IU43,JA43,JC43,IY43,IW43) -> 0 | JF43: =SUM(JD43:JE43) -> 0 | JL43: =SUM(JG43:JK43) -> 0 | JO43: =SUM(JM43:JN43) -> 0 | KG43: =SUM(JP43:KF43) -> 0 | KY43: =SUM(KH43:KX43) -> 0
A44: M | B44: 31600 | C44: Municipio San Juan de Capistrano | D44: =SUM(D45:D46) -> 0 | E44: =SUM(E45:E46) -> 0 | F44: =SUM(F45:F46) -> 0 | G44: =SUM(G45:G46) -> 0 | H44: =SUM(H45:H46) -> 0 | I44: =SUM(I45:I46) -> 0 | J44: =SUM(J45:J46) -> 0 | K44: =SUM(K45:K46) -> 0 | ... Y44: =SUM(Y45:Y46) -> 0 | Z44: =IFERROR(O44/D44,0) -> 0 | AA44: =IFERROR(P44/E44,0) -> 0 | AB44: =IFERROR(Q44/F44,0) -> 0 | AC44: =IFERROR(R44/G44,0) -> 0 | AD44: =IFERROR(S44/H44,0) -> 0 | AE44: =IFERROR(T44/I44,0) -> 0 | AF44: =IFERROR(U44/J44,0) -> 0 | AG44: =IFERROR(V44/K44,0) -> 0 | ... AJ44: =IFERROR(Y44/N44,0) -> 0 | AK44: =SUM(AK45:AK46) -> 0 | AL44: =SUM(AL45:AL46) -> 0 | AM44: =SUM(AM45:AM46) -> 0 | AN44: =SUM(AN45:AN46) -> 0 | AO44: =SUM(AO45:AO46) -> 0 | AP44: =SUM(AP45:AP46) -> 0 | AQ44: =SUM(AQ45:AQ46) -> 0 | AR44: =SUM(AR45:AR46) -> 0 | ... EX44: =SUM(EX45:EX46) -> 0 | EY44: =SUM(EP44:EX44) -> 0 | EZ44: =SUM(EZ45:EZ46) -> 0 | FA44: =SUM(FA45:FA46) -> 0 | FB44: =SUM(FB45:FB46) -> 0 | FC44: =SUM(FC45:FC46) -> 0 | FD44: =SUM(FD45:FD46) -> 0 | FE44: =SUM(FE45:FE46) -> 0 | FF44: =SUM(FF45:FF46) -> 0 | FG44: =SUM(FG45:FG46) -> 0 | ... GP44: =SUM(GP45:GP46) -> 0 | GQ44: =SUM(FT44:GP44) -> 0 | GR44: =SUM(GR45:GR46) -> 0 | GS44: =SUM(GS45:GS46) -> 0 | GT44: =SUM(GT45:GT46) -> 0 | GU44: =SUM(GU45:GU46) -> 0 | GV44: =SUM(GV45:GV46) -> 0 | GW44: =SUM(GW45:GW46) -> 0 | GX44: =SUM(GX45:GX46) -> 0 | GY44: =SUM(GY45:GY46) -> 0 | ... MM44: =SUM(MM45:MM46) -> 0
A45: P | B45: 31601 | C45: Parroquia Capital San Juan de Capistrano | N45: =SUM(D45:M45) -> 0 | Y45: =SUM(O45:X45) -> 0 | Z45: =IFERROR(O45/D45,0) -> 0 | AA45: =IFERROR(P45/E45,0) -> 0 | AB45: =IFERROR(Q45/F45,0) -> 0 | AC45: =IFERROR(R45/G45,0) -> 0 | AD45: =IFERROR(S45/H45,0) -> 0 | AE45: =IFERROR(T45/I45,0) -> 0 | AF45: =IFERROR(U45/J45,0) -> 0 | AG45: =IFERROR(V45/K45,0) -> 0 | ... AJ45: =IFERROR(Y45/N45,0) -> 0 | AT45: =SUM(AL45:AS45) -> 0 | BU45: =SUM(AU45:BT45) -> 0 | BY45: =SUM(BV45:BX45) -> 0 | DC45: =SUM(BZ45:DB45) -> 0 | DF45: =SUM(DD45:DE45) -> 0 | EJ45: =SUM(EC45:ED45,DX45:DY45,DS45:DT45,DN45:DO45,DI45:DJ45,EI45,) -> 0 | EK45: =SUM(EE45:EH45,DZ45:EB45,DU45:DW45,DP45:DR45,DK45:DM45,DG45:DH45) -> 0 | EO45: =SUM(EL45:EN45) -> 0 | EY45: =SUM(EP45:EX45) -> 0 | FH45: =SUM(EZ45:FG45) -> 0 | FS45: =SUM(FI45:FR45) -> 0 | GQ45: =SUM(FT45:GP45) -> 0 | GS45: =SUM(GR45) -> 0 | HS45: =SUM(GT45:HR45) -> 0 | HV45: =SUM(HT45:HU45) -> 0 | IC45: =SUM(HW45:IB45) -> 0 | IN45: =SUM(ID45:IM45) -> 0 | IO45: =SUM(AT45,BU45,BY45,DC45,DF45,EK45,EO45,EY45,FH45,FS45,GQ45,GS45,HS45,HV45,IC45,IN45,EJ45) -> 0 | JD45: =SUM(IP45,IR45,IT45,IZ45,JB45,IX45,IV45) -> 0 | JE45: =SUM(IQ45,IS45,IU45,JA45,JC45,IY45,IW45) -> 0 | JF45: =SUM(JD45:JE45) -> 0 | JL45: =SUM(JG45:JK45) -> 0 | JO45: =SUM(JM45:JN45) -> 0 | KG45: =SUM(JP45:KF45) -> 0 | KY45: =SUM(KH45:KX45) -> 0
A46: P | B46: 31602 | C46: Parroquia Boca de Chávez | N46: =SUM(D46:M46) -> 0 | Y46: =SUM(O46:X46) -> 0 | Z46: =IFERROR(O46/D46,0) -> 0 | AA46: =IFERROR(P46/E46,0) -> 0 | AB46: =IFERROR(Q46/F46,0) -> 0 | AC46: =IFERROR(R46/G46,0) -> 0 | AD46: =IFERROR(S46/H46,0) -> 0 | AE46: =IFERROR(T46/I46,0) -> 0 | AF46: =IFERROR(U46/J46,0) -> 0 | AG46: =IFERROR(V46/K46,0) -> 0 | ... AJ46: =IFERROR(Y46/N46,0) -> 0 | AT46: =SUM(AL46:AS46) -> 0 | BU46: =SUM(AU46:BT46) -> 0 | BY46: =SUM(BV46:BX46) -> 0 | DC46: =SUM(BZ46:DB46) -> 0 | DF46: =SUM(DD46:DE46) -> 0 | EJ46: =SUM(EC46:ED46,DX46:DY46,DS46:DT46,DN46:DO46,DI46:DJ46,EI46,) -> 0 | EK46: =SUM(EE46:EH46,DZ46:EB46,DU46:DW46,DP46:DR46,DK46:DM46,DG46:DH46) -> 0 | EO46: =SUM(EL46:EN46) -> 0 | EY46: =SUM(EP46:EX46) -> 0 | FH46: =SUM(EZ46:FG46) -> 0 | FS46: =SUM(FI46:FR46) -> 0 | GQ46: =SUM(FT46:GP46) -> 0 | GS46: =SUM(GR46) -> 0 | HS46: =SUM(GT46:HR46) -> 0 | HV46: =SUM(HT46:HU46) -> 0 | IC46: =SUM(HW46:IB46) -> 0 | IN46: =SUM(ID46:IM46) -> 0 | IO46: =SUM(AT46,BU46,BY46,DC46,DF46,EK46,EO46,EY46,FH46,FS46,GQ46,GS46,HS46,HV46,IC46,IN46,EJ46) -> 0 | JD46: =SUM(IP46,IR46,IT46,IZ46,JB46,IX46,IV46) -> 0 | JE46: =SUM(IQ46,IS46,IU46,JA46,JC46,IY46,IW46) -> 0 | JF46: =SUM(JD46:JE46) -> 0 | JL46: =SUM(JG46:JK46) -> 0 | JO46: =SUM(JM46:JN46) -> 0 | KG46: =SUM(JP46:KF46) -> 0 | KY46: =SUM(KH46:KX46) -> 0
A47: M | B47: 30200 | C47: Municipio Aragua | D47: =SUM(D48:D49) -> 0 | E47: =SUM(E48:E49) -> 0 | F47: =SUM(F48:F49) -> 0 | G47: =SUM(G48:G49) -> 0 | H47: =SUM(H48:H49) -> 0 | I47: =SUM(I48:I49) -> 0 | J47: =SUM(J48:J49) -> 0 | K47: =SUM(K48:K49) -> 0 | ... Y47: =SUM(Y48:Y49) -> 0 | Z47: =IFERROR(O47/D47,0) -> 0 | AA47: =IFERROR(P47/E47,0) -> 0 | AB47: =IFERROR(Q47/F47,0) -> 0 | AC47: =IFERROR(R47/G47,0) -> 0 | AD47: =IFERROR(S47/H47,0) -> 0 | AE47: =IFERROR(T47/I47,0) -> 0 | AF47: =IFERROR(U47/J47,0) -> 0 | AG47: =IFERROR(V47/K47,0) -> 0 | ... AJ47: =IFERROR(Y47/N47,0) -> 0 | AK47: =SUM(AK48:AK49) -> 0 | AL47: =SUM(AL48:AL49) -> 0 | AM47: =SUM(AM48:AM49) -> 0 | AN47: =SUM(AN48:AN49) -> 0 | AO47: =SUM(AO48:AO49) -> 0 | AP47: =SUM(AP48:AP49) -> 0 | AQ47: =SUM(AQ48:AQ49) -> 0 | AR47: =SUM(AR48:AR49) -> 0 | ... EX47: =SUM(EX48:EX49) -> 0 | EY47: =SUM(EP47:EX47) -> 0 | EZ47: =SUM(EZ48:EZ49) -> 0 | FA47: =SUM(FA48:FA49) -> 0 | FB47: =SUM(FB48:FB49) -> 0 | FC47: =SUM(FC48:FC49) -> 0 | FD47: =SUM(FD48:FD49) -> 0 | FE47: =SUM(FE48:FE49) -> 0 | FF47: =SUM(FF48:FF49) -> 0 | FG47: =SUM(FG48:FG49) -> 0 | ... GP47: =SUM(GP48:GP49) -> 0 | GQ47: =SUM(FT47:GP47) -> 0 | GR47: =SUM(GR48:GR49) -> 0 | GS47: =SUM(GS48:GS49) -> 0 | GT47: =SUM(GT48:GT49) -> 0 | GU47: =SUM(GU48:GU49) -> 0 | GV47: =SUM(GV48:GV49) -> 0 | GW47: =SUM(GW48:GW49) -> 0 | GX47: =SUM(GX48:GX49) -> 0 | GY47: =SUM(GY48:GY49) -> 0 | ... MM47: =SUM(MM48:MM49) -> 0
A48: P | B48: 30201 | C48: Parroquia Capital Aragua | N48: =SUM(D48:M48) -> 0 | Y48: =SUM(O48:X48) -> 0 | Z48: =IFERROR(O48/D48,0) -> 0 | AA48: =IFERROR(P48/E48,0) -> 0 | AB48: =IFERROR(Q48/F48,0) -> 0 | AC48: =IFERROR(R48/G48,0) -> 0 | AD48: =IFERROR(S48/H48,0) -> 0 | AE48: =IFERROR(T48/I48,0) -> 0 | AF48: =IFERROR(U48/J48,0) -> 0 | AG48: =IFERROR(V48/K48,0) -> 0 | ... AJ48: =IFERROR(Y48/N48,0) -> 0 | AT48: =SUM(AL48:AS48) -> 0 | BU48: =SUM(AU48:BT48) -> 0 | BY48: =SUM(BV48:BX48) -> 0 | DC48: =SUM(BZ48:DB48) -> 0 | DF48: =SUM(DD48:DE48) -> 0 | EJ48: =SUM(EC48:ED48,DX48:DY48,DS48:DT48,DN48:DO48,DI48:DJ48,EI48,) -> 0 | EK48: =SUM(EE48:EH48,DZ48:EB48,DU48:DW48,DP48:DR48,DK48:DM48,DG48:DH48) -> 0 | EO48: =SUM(EL48:EN48) -> 0 | EY48: =SUM(EP48:EX48) -> 0 | FH48: =SUM(EZ48:FG48) -> 0 | FS48: =SUM(FI48:FR48) -> 0 | GQ48: =SUM(FT48:GP48) -> 0 | GS48: =SUM(GR48) -> 0 | HS48: =SUM(GT48:HR48) -> 0 | HV48: =SUM(HT48:HU48) -> 0 | IC48: =SUM(HW48:IB48) -> 0 | IN48: =SUM(ID48:IM48) -> 0 | IO48: =SUM(AT48,BU48,BY48,DC48,DF48,EK48,EO48,EY48,FH48,FS48,GQ48,GS48,HS48,HV48,IC48,IN48,EJ48) -> 0 | JD48: =SUM(IP48,IR48,IT48,IZ48,JB48,IX48,IV48) -> 0 | JE48: =SUM(IQ48,IS48,IU48,JA48,JC48,IY48,IW48) -> 0 | JF48: =SUM(JD48:JE48) -> 0 | JL48: =SUM(JG48:JK48) -> 0 | JO48: =SUM(JM48:JN48) -> 0 | KG48: =SUM(JP48:KF48) -> 0 | KY48: =SUM(KH48:KX48) -> 0
A49: P | B49: 30202 | C49: Parroquia Cachipo | N49: =SUM(D49:M49) -> 0 | Y49: =SUM(O49:X49) -> 0 | Z49: =IFERROR(O49/D49,0) -> 0 | AA49: =IFERROR(P49/E49,0) -> 0 | AB49: =IFERROR(Q49/F49,0) -> 0 | AC49: =IFERROR(R49/G49,0) -> 0 | AD49: =IFERROR(S49/H49,0) -> 0 | AE49: =IFERROR(T49/I49,0) -> 0 | AF49: =IFERROR(U49/J49,0) -> 0 | AG49: =IFERROR(V49/K49,0) -> 0 | ... AJ49: =IFERROR(Y49/N49,0) -> 0 | AT49: =SUM(AL49:AS49) -> 0 | BU49: =SUM(AU49:BT49) -> 0 | BY49: =SUM(BV49:BX49) -> 0 | DC49: =SUM(BZ49:DB49) -> 0 | DF49: =SUM(DD49:DE49) -> 0 | EJ49: =SUM(EC49:ED49,DX49:DY49,DS49:DT49,DN49:DO49,DI49:DJ49,EI49,) -> 0 | EK49: =SUM(EE49:EH49,DZ49:EB49,DU49:DW49,DP49:DR49,DK49:DM49,DG49:DH49) -> 0 | EO49: =SUM(EL49:EN49) -> 0 | EY49: =SUM(EP49:EX49) -> 0 | FH49: =SUM(EZ49:FG49) -> 0 | FS49: =SUM(FI49:FR49) -> 0 | GQ49: =SUM(FT49:GP49) -> 0 | GS49: =SUM(GR49) -> 0 | HS49: =SUM(GT49:HR49) -> 0 | HV49: =SUM(HT49:HU49) -> 0 | IC49: =SUM(HW49:IB49) -> 0 | IN49: =SUM(ID49:IM49) -> 0 | IO49: =SUM(AT49,BU49,BY49,DC49,DF49,EK49,EO49,EY49,FH49,FS49,GQ49,GS49,HS49,HV49,IC49,IN49,EJ49) -> 0 | JD49: =SUM(IP49,IR49,IT49,IZ49,JB49,IX49,IV49) -> 0 | JE49: =SUM(IQ49,IS49,IU49,JA49,JC49,IY49,IW49) -> 0 | JF49: =SUM(JD49:JE49) -> 0 | JL49: =SUM(JG49:JK49) -> 0 | JO49: =SUM(JM49:JN49) -> 0 | KG49: =SUM(JP49:KF49) -> 0 | KY49: =SUM(KH49:KX49) -> 0
A50: M | B50: 32000 | C50: Municipio Sir Arthur Mc Gregor | D50: =SUM(D51:D52) -> 0 | E50: =SUM(E51:E52) -> 0 | F50: =SUM(F51:F52) -> 0 | G50: =SUM(G51:G52) -> 0 | H50: =SUM(H51:H52) -> 0 | I50: =SUM(I51:I52) -> 0 | J50: =SUM(J51:J52) -> 0 | K50: =SUM(K51:K52) -> 0 | ... Y50: =SUM(Y51:Y52) -> 0 | Z50: =IFERROR(O50/D50,0) -> 0 | AA50: =IFERROR(P50/E50,0) -> 0 | AB50: =IFERROR(Q50/F50,0) -> 0 | AC50: =IFERROR(R50/G50,0) -> 0 | AD50: =IFERROR(S50/H50,0) -> 0 | AE50: =IFERROR(T50/I50,0) -> 0 | AF50: =IFERROR(U50/J50,0) -> 0 | AG50: =IFERROR(V50/K50,0) -> 0 | ... AJ50: =IFERROR(Y50/N50,0) -> 0 | AK50: =SUM(AK51:AK52) -> 0 | AL50: =SUM(AL51:AL52) -> 0 | AM50: =SUM(AM51:AM52) -> 0 | AN50: =SUM(AN51:AN52) -> 0 | AO50: =SUM(AO51:AO52) -> 0 | AP50: =SUM(AP51:AP52) -> 0 | AQ50: =SUM(AQ51:AQ52) -> 0 | AR50: =SUM(AR51:AR52) -> 0 | ... EX50: =SUM(EX51:EX52) -> 0 | EY50: =SUM(EP50:EX50) -> 0 | EZ50: =SUM(EZ51:EZ52) -> 0 | FA50: =SUM(FA51:FA52) -> 0 | FB50: =SUM(FB51:FB52) -> 0 | FC50: =SUM(FC51:FC52) -> 0 | FD50: =SUM(FD51:FD52) -> 0 | FE50: =SUM(FE51:FE52) -> 0 | FF50: =SUM(FF51:FF52) -> 0 | FG50: =SUM(FG51:FG52) -> 0 | ... GP50: =SUM(GP51:GP52) -> 0 | GQ50: =SUM(FT50:GP50) -> 0 | GR50: =SUM(GR51:GR52) -> 0 | GS50: =SUM(GS51:GS52) -> 0 | GT50: =SUM(GT51:GT52) -> 0 | GU50: =SUM(GU51:GU52) -> 0 | GV50: =SUM(GV51:GV52) -> 0 | GW50: =SUM(GW51:GW52) -> 0 | GX50: =SUM(GX51:GX52) -> 0 | GY50: =SUM(GY51:GY52) -> 0 | ... MM50: =SUM(MM51:MM52) -> 0
A51: P | B51: 32001 | C51: Parroquia Capital Sir Arthur Mc Gregor | N51: =SUM(D51:M51) -> 0 | Y51: =SUM(O51:X51) -> 0 | Z51: =IFERROR(O51/D51,0) -> 0 | AA51: =IFERROR(P51/E51,0) -> 0 | AB51: =IFERROR(Q51/F51,0) -> 0 | AC51: =IFERROR(R51/G51,0) -> 0 | AD51: =IFERROR(S51/H51,0) -> 0 | AE51: =IFERROR(T51/I51,0) -> 0 | AF51: =IFERROR(U51/J51,0) -> 0 | AG51: =IFERROR(V51/K51,0) -> 0 | ... AJ51: =IFERROR(Y51/N51,0) -> 0 | AT51: =SUM(AL51:AS51) -> 0 | BU51: =SUM(AU51:BT51) -> 0 | BY51: =SUM(BV51:BX51) -> 0 | DC51: =SUM(BZ51:DB51) -> 0 | DF51: =SUM(DD51:DE51) -> 0 | EJ51: =SUM(EC51:ED51,DX51:DY51,DS51:DT51,DN51:DO51,DI51:DJ51,EI51,) -> 0 | EK51: =SUM(EE51:EH51,DZ51:EB51,DU51:DW51,DP51:DR51,DK51:DM51,DG51:DH51) -> 0 | EO51: =SUM(EL51:EN51) -> 0 | EY51: =SUM(EP51:EX51) -> 0 | FH51: =SUM(EZ51:FG51) -> 0 | FS51: =SUM(FI51:FR51) -> 0 | GQ51: =SUM(FT51:GP51) -> 0 | GS51: =SUM(GR51) -> 0 | HS51: =SUM(GT51:HR51) -> 0 | HV51: =SUM(HT51:HU51) -> 0 | IC51: =SUM(HW51:IB51) -> 0 | IN51: =SUM(ID51:IM51) -> 0 | IO51: =SUM(AT51,BU51,BY51,DC51,DF51,EK51,EO51,EY51,FH51,FS51,GQ51,GS51,HS51,HV51,IC51,IN51,EJ51) -> 0 | JD51: =SUM(IP51,IR51,IT51,IZ51,JB51,IX51,IV51) -> 0 | JE51: =SUM(IQ51,IS51,IU51,JA51,JC51,IY51,IW51) -> 0 | JF51: =SUM(JD51:JE51) -> 0 | JL51: =SUM(JG51:JK51) -> 0 | JO51: =SUM(JM51:JN51) -> 0 | KG51: =SUM(JP51:KF51) -> 0 | KY51: =SUM(KH51:KX51) -> 0
A52: P | B52: 32002 | C52: Parroquia Tomás Alfaro Calatrava | N52: =SUM(D52:M52) -> 0 | Y52: =SUM(O52:X52) -> 0 | Z52: =IFERROR(O52/D52,0) -> 0 | AA52: =IFERROR(P52/E52,0) -> 0 | AB52: =IFERROR(Q52/F52,0) -> 0 | AC52: =IFERROR(R52/G52,0) -> 0 | AD52: =IFERROR(S52/H52,0) -> 0 | AE52: =IFERROR(T52/I52,0) -> 0 | AF52: =IFERROR(U52/J52,0) -> 0 | AG52: =IFERROR(V52/K52,0) -> 0 | ... AJ52: =IFERROR(Y52/N52,0) -> 0 | AT52: =SUM(AL52:AS52) -> 0 | BU52: =SUM(AU52:BT52) -> 0 | BY52: =SUM(BV52:BX52) -> 0 | DC52: =SUM(BZ52:DB52) -> 0 | DF52: =SUM(DD52:DE52) -> 0 | EJ52: =SUM(EC52:ED52,DX52:DY52,DS52:DT52,DN52:DO52,DI52:DJ52,EI52,) -> 0 | EK52: =SUM(EE52:EH52,DZ52:EB52,DU52:DW52,DP52:DR52,DK52:DM52,DG52:DH52) -> 0 | EO52: =SUM(EL52:EN52) -> 0 | EY52: =SUM(EP52:EX52) -> 0 | FH52: =SUM(EZ52:FG52) -> 0 | FS52: =SUM(FI52:FR52) -> 0 | GQ52: =SUM(FT52:GP52) -> 0 | GS52: =SUM(GR52) -> 0 | HS52: =SUM(GT52:HR52) -> 0 | HV52: =SUM(HT52:HU52) -> 0 | IC52: =SUM(HW52:IB52) -> 0 | IN52: =SUM(ID52:IM52) -> 0 | IO52: =SUM(AT52,BU52,BY52,DC52,DF52,EK52,EO52,EY52,FH52,FS52,GQ52,GS52,HS52,HV52,IC52,IN52,EJ52) -> 0 | JD52: =SUM(IP52,IR52,IT52,IZ52,JB52,IX52,IV52) -> 0 | JE52: =SUM(IQ52,IS52,IU52,JA52,JC52,IY52,IW52) -> 0 | JF52: =SUM(JD52:JE52) -> 0 | JL52: =SUM(JG52:JK52) -> 0 | JO52: =SUM(JM52:JN52) -> 0 | KG52: =SUM(JP52:KF52) -> 0 | KY52: =SUM(KH52:KX52) -> 0
A53: M | B53: 31700 | C53: Municipio Santa Ana | D53: =SUM(D54:D55) -> 0 | E53: =SUM(E54:E55) -> 0 | F53: =SUM(F54:F55) -> 0 | G53: =SUM(G54:G55) -> 0 | H53: =SUM(H54:H55) -> 0 | I53: =SUM(I54:I55) -> 0 | J53: =SUM(J54:J55) -> 0 | K53: =SUM(K54:K55) -> 0 | ... Y53: =SUM(Y54:Y55) -> 0 | Z53: =IFERROR(O53/D53,0) -> 0 | AA53: =IFERROR(P53/E53,0) -> 0 | AB53: =IFERROR(Q53/F53,0) -> 0 | AC53: =IFERROR(R53/G53,0) -> 0 | AD53: =IFERROR(S53/H53,0) -> 0 | AE53: =IFERROR(T53/I53,0) -> 0 | AF53: =IFERROR(U53/J53,0) -> 0 | AG53: =IFERROR(V53/K53,0) -> 0 | ... AJ53: =IFERROR(Y53/N53,0) -> 0 | AK53: =SUM(AK54:AK55) -> 0 | AL53: =SUM(AL54:AL55) -> 0 | AM53: =SUM(AM54:AM55) -> 0 | AN53: =SUM(AN54:AN55) -> 0 | AO53: =SUM(AO54:AO55) -> 0 | AP53: =SUM(AP54:AP55) -> 0 | AQ53: =SUM(AQ54:AQ55) -> 0 | AR53: =SUM(AR54:AR55) -> 0 | ... EX53: =SUM(EX54:EX55) -> 0 | EY53: =SUM(EP53:EX53) -> 0 | EZ53: =SUM(EZ54:EZ55) -> 0 | FA53: =SUM(FA54:FA55) -> 0 | FB53: =SUM(FB54:FB55) -> 0 | FC53: =SUM(FC54:FC55) -> 0 | FD53: =SUM(FD54:FD55) -> 0 | FE53: =SUM(FE54:FE55) -> 0 | FF53: =SUM(FF54:FF55) -> 0 | FG53: =SUM(FG54:FG55) -> 0 | ... GP53: =SUM(GP54:GP55) -> 0 | GQ53: =SUM(FT53:GP53) -> 0 | GR53: =SUM(GR54:GR55) -> 0 | GS53: =SUM(GS54:GS55) -> 0 | GT53: =SUM(GT54:GT55) -> 0 | GU53: =SUM(GU54:GU55) -> 0 | GV53: =SUM(GV54:GV55) -> 0 | GW53: =SUM(GW54:GW55) -> 0 | GX53: =SUM(GX54:GX55) -> 0 | GY53: =SUM(GY54:GY55) -> 0 | ... MM53: =SUM(MM54:MM55) -> 0
A54: P | B54: 31701 | C54: Parroquia Capital Santa Ana | N54: =SUM(D54:M54) -> 0 | Y54: =SUM(O54:X54) -> 0 | Z54: =IFERROR(O54/D54,0) -> 0 | AA54: =IFERROR(P54/E54,0) -> 0 | AB54: =IFERROR(Q54/F54,0) -> 0 | AC54: =IFERROR(R54/G54,0) -> 0 | AD54: =IFERROR(S54/H54,0) -> 0 | AE54: =IFERROR(T54/I54,0) -> 0 | AF54: =IFERROR(U54/J54,0) -> 0 | AG54: =IFERROR(V54/K54,0) -> 0 | ... AJ54: =IFERROR(Y54/N54,0) -> 0 | AT54: =SUM(AL54:AS54) -> 0 | BU54: =SUM(AU54:BT54) -> 0 | BY54: =SUM(BV54:BX54) -> 0 | DC54: =SUM(BZ54:DB54) -> 0 | DF54: =SUM(DD54:DE54) -> 0 | EJ54: =SUM(EC54:ED54,DX54:DY54,DS54:DT54,DN54:DO54,DI54:DJ54,EI54,) -> 0 | EK54: =SUM(EE54:EH54,DZ54:EB54,DU54:DW54,DP54:DR54,DK54:DM54,DG54:DH54) -> 0 | EO54: =SUM(EL54:EN54) -> 0 | EY54: =SUM(EP54:EX54) -> 0 | FH54: =SUM(EZ54:FG54) -> 0 | FS54: =SUM(FI54:FR54) -> 0 | GQ54: =SUM(FT54:GP54) -> 0 | GS54: =SUM(GR54) -> 0 | HS54: =SUM(GT54:HR54) -> 0 | HV54: =SUM(HT54:HU54) -> 0 | IC54: =SUM(HW54:IB54) -> 0 | IN54: =SUM(ID54:IM54) -> 0 | IO54: =SUM(AT54,BU54,BY54,DC54,DF54,EK54,EO54,EY54,FH54,FS54,GQ54,GS54,HS54,HV54,IC54,IN54,EJ54) -> 0 | JD54: =SUM(IP54,IR54,IT54,IZ54,JB54,IX54,IV54) -> 0 | JE54: =SUM(IQ54,IS54,IU54,JA54,JC54,IY54,IW54) -> 0 | JF54: =SUM(JD54:JE54) -> 0 | JL54: =SUM(JG54:JK54) -> 0 | JO54: =SUM(JM54:JN54) -> 0 | KG54: =SUM(JP54:KF54) -> 0 | KY54: =SUM(KH54:KX54) -> 0
A55: P | B55: 31702 | C55: Parroquia Pueblo Nuevo | N55: =SUM(D55:M55) -> 0 | Y55: =SUM(O55:X55) -> 0 | Z55: =IFERROR(O55/D55,0) -> 0 | AA55: =IFERROR(P55/E55,0) -> 0 | AB55: =IFERROR(Q55/F55,0) -> 0 | AC55: =IFERROR(R55/G55,0) -> 0 | AD55: =IFERROR(S55/H55,0) -> 0 | AE55: =IFERROR(T55/I55,0) -> 0 | AF55: =IFERROR(U55/J55,0) -> 0 | AG55: =IFERROR(V55/K55,0) -> 0 | ... AJ55: =IFERROR(Y55/N55,0) -> 0 | AT55: =SUM(AL55:AS55) -> 0 | BU55: =SUM(AU55:BT55) -> 0 | BY55: =SUM(BV55:BX55) -> 0 | DC55: =SUM(BZ55:DB55) -> 0 | DF55: =SUM(DD55:DE55) -> 0 | EJ55: =SUM(EC55:ED55,DX55:DY55,DS55:DT55,DN55:DO55,DI55:DJ55,EI55,) -> 0 | EK55: =SUM(EE55:EH55,DZ55:EB55,DU55:DW55,DP55:DR55,DK55:DM55,DG55:DH55) -> 0 | EO55: =SUM(EL55:EN55) -> 0 | EY55: =SUM(EP55:EX55) -> 0 | FH55: =SUM(EZ55:FG55) -> 0 | FS55: =SUM(FI55:FR55) -> 0 | GQ55: =SUM(FT55:GP55) -> 0 | GS55: =SUM(GR55) -> 0 | HS55: =SUM(GT55:HR55) -> 0 | HV55: =SUM(HT55:HU55) -> 0 | IC55: =SUM(HW55:IB55) -> 0 | IN55: =SUM(ID55:IM55) -> 0 | IO55: =SUM(AT55,BU55,BY55,DC55,DF55,EK55,EO55,EY55,FH55,FS55,GQ55,GS55,HS55,HV55,IC55,IN55,EJ55) -> 0 | JD55: =SUM(IP55,IR55,IT55,IZ55,JB55,IX55,IV55) -> 0 | JE55: =SUM(IQ55,IS55,IU55,JA55,JC55,IY55,IW55) -> 0 | JF55: =SUM(JD55:JE55) -> 0 | JL55: =SUM(JG55:JK55) -> 0 | JO55: =SUM(JM55:JN55) -> 0 | KG55: =SUM(JP55:KF55) -> 0 | KY55: =SUM(KH55:KX55) -> 0
A56: M | B56: 31300 | C56: Municipio Pedro María Freites | D56: =SUM(D57:D60) -> 0 | E56: =SUM(E57:E60) -> 0 | F56: =SUM(F57:F60) -> 0 | G56: =SUM(G57:G60) -> 0 | H56: =SUM(H57:H60) -> 0 | I56: =SUM(I57:I60) -> 0 | J56: =SUM(J57:J60) -> 0 | K56: =SUM(K57:K60) -> 0 | ... Y56: =SUM(Y57:Y60) -> 0 | Z56: =IFERROR(O56/D56,0) -> 0 | AA56: =IFERROR(P56/E56,0) -> 0 | AB56: =IFERROR(Q56/F56,0) -> 0 | AC56: =IFERROR(R56/G56,0) -> 0 | AD56: =IFERROR(S56/H56,0) -> 0 | AE56: =IFERROR(T56/I56,0) -> 0 | AF56: =IFERROR(U56/J56,0) -> 0 | AG56: =IFERROR(V56/K56,0) -> 0 | ... AJ56: =IFERROR(Y56/N56,0) -> 0 | AK56: =SUM(AK57:AK60) -> 0 | AL56: =SUM(AL57:AL60) -> 0 | AM56: =SUM(AM57:AM60) -> 0 | AN56: =SUM(AN57:AN60) -> 0 | AO56: =SUM(AO57:AO60) -> 0 | AP56: =SUM(AP57:AP60) -> 0 | AQ56: =SUM(AQ57:AQ60) -> 0 | AR56: =SUM(AR57:AR60) -> 0 | ... EX56: =SUM(EX57:EX60) -> 0 | EY56: =SUM(EP56:EX56) -> 0 | EZ56: =SUM(EZ57:EZ60) -> 0 | FA56: =SUM(FA57:FA60) -> 0 | FB56: =SUM(FB57:FB60) -> 0 | FC56: =SUM(FC57:FC60) -> 0 | FD56: =SUM(FD57:FD60) -> 0 | FE56: =SUM(FE57:FE60) -> 0 | FF56: =SUM(FF57:FF60) -> 0 | FG56: =SUM(FG57:FG60) -> 0 | ... GP56: =SUM(GP57:GP60) -> 0 | GQ56: =SUM(FT56:GP56) -> 0 | GR56: =SUM(GR57:GR60) -> 0 | GS56: =SUM(GS57:GS60) -> 0 | GT56: =SUM(GT57:GT60) -> 0 | GU56: =SUM(GU57:GU60) -> 0 | GV56: =SUM(GV57:GV60) -> 0 | GW56: =SUM(GW57:GW60) -> 0 | GX56: =SUM(GX57:GX60) -> 0 | GY56: =SUM(GY57:GY60) -> 0 | ... MM56: =SUM(MM57:MM60) -> 0
A57: P | B57: 31301 | C57: Parroquia Capital Pedro María Freites | N57: =SUM(D57:M57) -> 0 | Y57: =SUM(O57:X57) -> 0 | Z57: =IFERROR(O57/D57,0) -> 0 | AA57: =IFERROR(P57/E57,0) -> 0 | AB57: =IFERROR(Q57/F57,0) -> 0 | AC57: =IFERROR(R57/G57,0) -> 0 | AD57: =IFERROR(S57/H57,0) -> 0 | AE57: =IFERROR(T57/I57,0) -> 0 | AF57: =IFERROR(U57/J57,0) -> 0 | AG57: =IFERROR(V57/K57,0) -> 0 | ... AJ57: =IFERROR(Y57/N57,0) -> 0 | AT57: =SUM(AL57:AS57) -> 0 | BU57: =SUM(AU57:BT57) -> 0 | BY57: =SUM(BV57:BX57) -> 0 | DC57: =SUM(BZ57:DB57) -> 0 | DF57: =SUM(DD57:DE57) -> 0 | EJ57: =SUM(EC57:ED57,DX57:DY57,DS57:DT57,DN57:DO57,DI57:DJ57,EI57,) -> 0 | EK57: =SUM(EE57:EH57,DZ57:EB57,DU57:DW57,DP57:DR57,DK57:DM57,DG57:DH57) -> 0 | EO57: =SUM(EL57:EN57) -> 0 | EY57: =SUM(EP57:EX57) -> 0 | FH57: =SUM(EZ57:FG57) -> 0 | FS57: =SUM(FI57:FR57) -> 0 | GQ57: =SUM(FT57:GP57) -> 0 | GS57: =SUM(GR57) -> 0 | HS57: =SUM(GT57:HR57) -> 0 | HV57: =SUM(HT57:HU57) -> 0 | IC57: =SUM(HW57:IB57) -> 0 | IN57: =SUM(ID57:IM57) -> 0 | IO57: =SUM(AT57,BU57,BY57,DC57,DF57,EK57,EO57,EY57,FH57,FS57,GQ57,GS57,HS57,HV57,IC57,IN57,EJ57) -> 0 | JD57: =SUM(IP57,IR57,IT57,IZ57,JB57,IX57,IV57) -> 0 | JE57: =SUM(IQ57,IS57,IU57,JA57,JC57,IY57,IW57) -> 0 | JF57: =SUM(JD57:JE57) -> 0 | JL57: =SUM(JG57:JK57) -> 0 | JO57: =SUM(JM57:JN57) -> 0 | KG57: =SUM(JP57:KF57) -> 0 | KY57: =SUM(KH57:KX57) -> 0
A58: P | B58: 31302 | C58: Parroquia Libertador | N58: =SUM(D58:M58) -> 0 | Y58: =SUM(O58:X58) -> 0 | Z58: =IFERROR(O58/D58,0) -> 0 | AA58: =IFERROR(P58/E58,0) -> 0 | AB58: =IFERROR(Q58/F58,0) -> 0 | AC58: =IFERROR(R58/G58,0) -> 0 | AD58: =IFERROR(S58/H58,0) -> 0 | AE58: =IFERROR(T58/I58,0) -> 0 | AF58: =IFERROR(U58/J58,0) -> 0 | AG58: =IFERROR(V58/K58,0) -> 0 | ... AJ58: =IFERROR(Y58/N58,0) -> 0 | AT58: =SUM(AL58:AS58) -> 0 | BU58: =SUM(AU58:BT58) -> 0 | BY58: =SUM(BV58:BX58) -> 0 | DC58: =SUM(BZ58:DB58) -> 0 | DF58: =SUM(DD58:DE58) -> 0 | EJ58: =SUM(EC58:ED58,DX58:DY58,DS58:DT58,DN58:DO58,DI58:DJ58,EI58,) -> 0 | EK58: =SUM(EE58:EH58,DZ58:EB58,DU58:DW58,DP58:DR58,DK58:DM58,DG58:DH58) -> 0 | EO58: =SUM(EL58:EN58) -> 0 | EY58: =SUM(EP58:EX58) -> 0 | FH58: =SUM(EZ58:FG58) -> 0 | FS58: =SUM(FI58:FR58) -> 0 | GQ58: =SUM(FT58:GP58) -> 0 | GS58: =SUM(GR58) -> 0 | HS58: =SUM(GT58:HR58) -> 0 | HV58: =SUM(HT58:HU58) -> 0 | IC58: =SUM(HW58:IB58) -> 0 | IN58: =SUM(ID58:IM58) -> 0 | IO58: =SUM(AT58,BU58,BY58,DC58,DF58,EK58,EO58,EY58,FH58,FS58,GQ58,GS58,HS58,HV58,IC58,IN58,EJ58) -> 0 | JD58: =SUM(IP58,IR58,IT58,IZ58,JB58,IX58,IV58) -> 0 | JE58: =SUM(IQ58,IS58,IU58,JA58,JC58,IY58,IW58) -> 0 | JF58: =SUM(JD58:JE58) -> 0 | JL58: =SUM(JG58:JK58) -> 0 | JO58: =SUM(JM58:JN58) -> 0 | KG58: =SUM(JP58:KF58) -> 0 | KY58: =SUM(KH58:KX58) -> 0
A59: P | B59: 31303 | C59: Parroquia Santa Rosa | N59: =SUM(D59:M59) -> 0 | Y59: =SUM(O59:X59) -> 0 | Z59: =IFERROR(O59/D59,0) -> 0 | AA59: =IFERROR(P59/E59,0) -> 0 | AB59: =IFERROR(Q59/F59,0) -> 0 | AC59: =IFERROR(R59/G59,0) -> 0 | AD59: =IFERROR(S59/H59,0) -> 0 | AE59: =IFERROR(T59/I59,0) -> 0 | AF59: =IFERROR(U59/J59,0) -> 0 | AG59: =IFERROR(V59/K59,0) -> 0 | ... AJ59: =IFERROR(Y59/N59,0) -> 0 | AT59: =SUM(AL59:AS59) -> 0 | BU59: =SUM(AU59:BT59) -> 0 | BY59: =SUM(BV59:BX59) -> 0 | DC59: =SUM(BZ59:DB59) -> 0 | DF59: =SUM(DD59:DE59) -> 0 | EJ59: =SUM(EC59:ED59,DX59:DY59,DS59:DT59,DN59:DO59,DI59:DJ59,EI59,) -> 0 | EK59: =SUM(EE59:EH59,DZ59:EB59,DU59:DW59,DP59:DR59,DK59:DM59,DG59:DH59) -> 0 | EO59: =SUM(EL59:EN59) -> 0 | EY59: =SUM(EP59:EX59) -> 0 | FH59: =SUM(EZ59:FG59) -> 0 | FS59: =SUM(FI59:FR59) -> 0 | GQ59: =SUM(FT59:GP59) -> 0 | GS59: =SUM(GR59) -> 0 | HS59: =SUM(GT59:HR59) -> 0 | HV59: =SUM(HT59:HU59) -> 0 | IC59: =SUM(HW59:IB59) -> 0 | IN59: =SUM(ID59:IM59) -> 0 | IO59: =SUM(AT59,BU59,BY59,DC59,DF59,EK59,EO59,EY59,FH59,FS59,GQ59,GS59,HS59,HV59,IC59,IN59,EJ59) -> 0 | JD59: =SUM(IP59,IR59,IT59,IZ59,JB59,IX59,IV59) -> 0 | JE59: =SUM(IQ59,IS59,IU59,JA59,JC59,IY59,IW59) -> 0 | JF59: =SUM(JD59:JE59) -> 0 | JL59: =SUM(JG59:JK59) -> 0 | JO59: =SUM(JM59:JN59) -> 0 | KG59: =SUM(JP59:KF59) -> 0 | KY59: =SUM(KH59:KX59) -> 0
A60: P | B60: 31304 | C60: Parroquia Urica | N60: =SUM(D60:M60) -> 0 | Y60: =SUM(O60:X60) -> 0 | Z60: =IFERROR(O60/D60,0) -> 0 | AA60: =IFERROR(P60/E60,0) -> 0 | AB60: =IFERROR(Q60/F60,0) -> 0 | AC60: =IFERROR(R60/G60,0) -> 0 | AD60: =IFERROR(S60/H60,0) -> 0 | AE60: =IFERROR(T60/I60,0) -> 0 | AF60: =IFERROR(U60/J60,0) -> 0 | AG60: =IFERROR(V60/K60,0) -> 0 | ... AJ60: =IFERROR(Y60/N60,0) -> 0 | AT60: =SUM(AL60:AS60) -> 0 | BU60: =SUM(AU60:BT60) -> 0 | BY60: =SUM(BV60:BX60) -> 0 | DC60: =SUM(BZ60:DB60) -> 0 | DF60: =SUM(DD60:DE60) -> 0 | EJ60: =SUM(EC60:ED60,DX60:DY60,DS60:DT60,DN60:DO60,DI60:DJ60,EI60,) -> 0 | EK60: =SUM(EE60:EH60,DZ60:EB60,DU60:DW60,DP60:DR60,DK60:DM60,DG60:DH60) -> 0 | EO60: =SUM(EL60:EN60) -> 0 | EY60: =SUM(EP60:EX60) -> 0 | FH60: =SUM(EZ60:FG60) -> 0 | FS60: =SUM(FI60:FR60) -> 0 | GQ60: =SUM(FT60:GP60) -> 0 | GS60: =SUM(GR60) -> 0 | HS60: =SUM(GT60:HR60) -> 0 | HV60: =SUM(HT60:HU60) -> 0 | IC60: =SUM(HW60:IB60) -> 0 | IN60: =SUM(ID60:IM60) -> 0 | IO60: =SUM(AT60,BU60,BY60,DC60,DF60,EK60,EO60,EY60,FH60,FS60,GQ60,GS60,HS60,HV60,IC60,IN60,EJ60) -> 0 | JD60: =SUM(IP60,IR60,IT60,IZ60,JB60,IX60,IV60) -> 0 | JE60: =SUM(IQ60,IS60,IU60,JA60,JC60,IY60,IW60) -> 0 | JF60: =SUM(JD60:JE60) -> 0 | JL60: =SUM(JG60:JK60) -> 0 | JO60: =SUM(JM60:JN60) -> 0 | KG60: =SUM(JP60:KF60) -> 0 | KY60: =SUM(KH60:KX60) -> 0
A61: M | B61: 30100 | C61: Municipio Anaco | D61: =SUM(D62:D64) -> 0 | E61: =SUM(E62:E64) -> 0 | F61: =SUM(F62:F64) -> 0 | G61: =SUM(G62:G64) -> 0 | H61: =SUM(H62:H64) -> 0 | I61: =SUM(I62:I64) -> 0 | J61: =SUM(J62:J64) -> 0 | K61: =SUM(K62:K64) -> 0 | ... Y61: =SUM(Y62:Y64) -> 0 | Z61: =IFERROR(O61/D61,0) -> 0 | AA61: =IFERROR(P61/E61,0) -> 0 | AB61: =IFERROR(Q61/F61,0) -> 0 | AC61: =IFERROR(R61/G61,0) -> 0 | AD61: =IFERROR(S61/H61,0) -> 0 | AE61: =IFERROR(T61/I61,0) -> 0 | AF61: =IFERROR(U61/J61,0) -> 0 | AG61: =IFERROR(V61/K61,0) -> 0 | ... AJ61: =IFERROR(Y61/N61,0) -> 0 | AK61: =SUM(AK62:AK64) -> 0 | AL61: =SUM(AL62:AL64) -> 0 | AM61: =SUM(AM62:AM64) -> 0 | AN61: =SUM(AN62:AN64) -> 0 | AO61: =SUM(AO62:AO64) -> 0 | AP61: =SUM(AP62:AP64) -> 0 | AQ61: =SUM(AQ62:AQ64) -> 0 | AR61: =SUM(AR62:AR64) -> 0 | ... EX61: =SUM(EX62:EX64) -> 0 | EY61: =SUM(EP61:EX61) -> 0 | EZ61: =SUM(EZ62:EZ64) -> 0 | FA61: =SUM(FA62:FA64) -> 0 | FB61: =SUM(FB62:FB64) -> 0 | FC61: =SUM(FC62:FC64) -> 0 | FD61: =SUM(FD62:FD64) -> 0 | FE61: =SUM(FE62:FE64) -> 0 | FF61: =SUM(FF62:FF64) -> 0 | FG61: =SUM(FG62:FG64) -> 0 | ... GP61: =SUM(GP62:GP64) -> 0 | GQ61: =SUM(FT61:GP61) -> 0 | GR61: =SUM(GR62:GR64) -> 0 | GS61: =SUM(GS62:GS64) -> 0 | GT61: =SUM(GT62:GT64) -> 0 | GU61: =SUM(GU62:GU64) -> 0 | GV61: =SUM(GV62:GV64) -> 0 | GW61: =SUM(GW62:GW64) -> 0 | GX61: =SUM(GX62:GX64) -> 0 | GY61: =SUM(GY62:GY64) -> 0 | ... MM61: =SUM(MM62:MM64) -> 0
A62: P | B62: 30101 | C62: Parroquia Capital Anaco | N62: =SUM(D62:M62) -> 0 | Y62: =SUM(O62:X62) -> 0 | Z62: =IFERROR(O62/D62,0) -> 0 | AA62: =IFERROR(P62/E62,0) -> 0 | AB62: =IFERROR(Q62/F62,0) -> 0 | AC62: =IFERROR(R62/G62,0) -> 0 | AD62: =IFERROR(S62/H62,0) -> 0 | AE62: =IFERROR(T62/I62,0) -> 0 | AF62: =IFERROR(U62/J62,0) -> 0 | AG62: =IFERROR(V62/K62,0) -> 0 | ... AJ62: =IFERROR(Y62/N62,0) -> 0 | AT62: =SUM(AL62:AS62) -> 0 | BU62: =SUM(AU62:BT62) -> 0 | BY62: =SUM(BV62:BX62) -> 0 | DC62: =SUM(BZ62:DB62) -> 0 | DF62: =SUM(DD62:DE62) -> 0 | EJ62: =SUM(EC62:ED62,DX62:DY62,DS62:DT62,DN62:DO62,DI62:DJ62,EI62,) -> 0 | EK62: =SUM(EE62:EH62,DZ62:EB62,DU62:DW62,DP62:DR62,DK62:DM62,DG62:DH62) -> 0 | EO62: =SUM(EL62:EN62) -> 0 | EY62: =SUM(EP62:EX62) -> 0 | FH62: =SUM(EZ62:FG62) -> 0 | FS62: =SUM(FI62:FR62) -> 0 | GQ62: =SUM(FT62:GP62) -> 0 | GS62: =SUM(GR62) -> 0 | HS62: =SUM(GT62:HR62) -> 0 | HV62: =SUM(HT62:HU62) -> 0 | IC62: =SUM(HW62:IB62) -> 0 | IN62: =SUM(ID62:IM62) -> 0 | IO62: =SUM(AT62,BU62,BY62,DC62,DF62,EK62,EO62,EY62,FH62,FS62,GQ62,GS62,HS62,HV62,IC62,IN62,EJ62) -> 0 | JD62: =SUM(IP62,IR62,IT62,IZ62,JB62,IX62,IV62) -> 0 | JE62: =SUM(IQ62,IS62,IU62,JA62,JC62,IY62,IW62) -> 0 | JF62: =SUM(JD62:JE62) -> 0 | JL62: =SUM(JG62:JK62) -> 0 | JO62: =SUM(JM62:JN62) -> 0 | KG62: =SUM(JP62:KF62) -> 0 | KY62: =SUM(KH62:KX62) -> 0
A63: P | B63: 30102 | C63: Parroquia San Joaquín | N63: =SUM(D63:M63) -> 0 | Y63: =SUM(O63:X63) -> 0 | Z63: =IFERROR(O63/D63,0) -> 0 | AA63: =IFERROR(P63/E63,0) -> 0 | AB63: =IFERROR(Q63/F63,0) -> 0 | AC63: =IFERROR(R63/G63,0) -> 0 | AD63: =IFERROR(S63/H63,0) -> 0 | AE63: =IFERROR(T63/I63,0) -> 0 | AF63: =IFERROR(U63/J63,0) -> 0 | AG63: =IFERROR(V63/K63,0) -> 0 | ... AJ63: =IFERROR(Y63/N63,0) -> 0 | AT63: =SUM(AL63:AS63) -> 0 | BU63: =SUM(AU63:BT63) -> 0 | BY63: =SUM(BV63:BX63) -> 0 | DC63: =SUM(BZ63:DB63) -> 0 | DF63: =SUM(DD63:DE63) -> 0 | EJ63: =SUM(EC63:ED63,DX63:DY63,DS63:DT63,DN63:DO63,DI63:DJ63,EI63,) -> 0 | EK63: =SUM(EE63:EH63,DZ63:EB63,DU63:DW63,DP63:DR63,DK63:DM63,DG63:DH63) -> 0 | EO63: =SUM(EL63:EN63) -> 0 | EY63: =SUM(EP63:EX63) -> 0 | FH63: =SUM(EZ63:FG63) -> 0 | FS63: =SUM(FI63:FR63) -> 0 | GQ63: =SUM(FT63:GP63) -> 0 | GS63: =SUM(GR63) -> 0 | HS63: =SUM(GT63:HR63) -> 0 | HV63: =SUM(HT63:HU63) -> 0 | IC63: =SUM(HW63:IB63) -> 0 | IN63: =SUM(ID63:IM63) -> 0 | IO63: =SUM(AT63,BU63,BY63,DC63,DF63,EK63,EO63,EY63,FH63,FS63,GQ63,GS63,HS63,HV63,IC63,IN63,EJ63) -> 0 | JD63: =SUM(IP63,IR63,IT63,IZ63,JB63,IX63,IV63) -> 0 | JE63: =SUM(IQ63,IS63,IU63,JA63,JC63,IY63,IW63) -> 0 | JF63: =SUM(JD63:JE63) -> 0 | JL63: =SUM(JG63:JK63) -> 0 | JO63: =SUM(JM63:JN63) -> 0 | KG63: =SUM(JP63:KF63) -> 0 | KY63: =SUM(KH63:KX63) -> 0
A64: P | B64: 30103 | C64: Parroquia Buena Vista | N64: =SUM(D64:M64) -> 0 | Y64: =SUM(O64:X64) -> 0 | Z64: =IFERROR(O64/D64,0) -> 0 | AA64: =IFERROR(P64/E64,0) -> 0 | AB64: =IFERROR(Q64/F64,0) -> 0 | AC64: =IFERROR(R64/G64,0) -> 0 | AD64: =IFERROR(S64/H64,0) -> 0 | AE64: =IFERROR(T64/I64,0) -> 0 | AF64: =IFERROR(U64/J64,0) -> 0 | AG64: =IFERROR(V64/K64,0) -> 0 | ... AJ64: =IFERROR(Y64/N64,0) -> 0 | AT64: =SUM(AL64:AS64) -> 0 | BU64: =SUM(AU64:BT64) -> 0 | BY64: =SUM(BV64:BX64) -> 0 | DC64: =SUM(BZ64:DB64) -> 0 | DF64: =SUM(DD64:DE64) -> 0 | EJ64: =SUM(EC64:ED64,DX64:DY64,DS64:DT64,DN64:DO64,DI64:DJ64,EI64,) -> 0 | EK64: =SUM(EE64:EH64,DZ64:EB64,DU64:DW64,DP64:DR64,DK64:DM64,DG64:DH64) -> 0 | EO64: =SUM(EL64:EN64) -> 0 | EY64: =SUM(EP64:EX64) -> 0 | FH64: =SUM(EZ64:FG64) -> 0 | FS64: =SUM(FI64:FR64) -> 0 | GQ64: =SUM(FT64:GP64) -> 0 | GS64: =SUM(GR64) -> 0 | HS64: =SUM(GT64:HR64) -> 0 | HV64: =SUM(HT64:HU64) -> 0 | IC64: =SUM(HW64:IB64) -> 0 | IN64: =SUM(ID64:IM64) -> 0 | IO64: =SUM(AT64,BU64,BY64,DC64,DF64,EK64,EO64,EY64,FH64,FS64,GQ64,GS64,HS64,HV64,IC64,IN64,EJ64) -> 0 | JD64: =SUM(IP64,IR64,IT64,IZ64,JB64,IX64,IV64) -> 0 | JE64: =SUM(IQ64,IS64,IU64,JA64,JC64,IY64,IW64) -> 0 | JF64: =SUM(JD64:JE64) -> 0 | JL64: =SUM(JG64:JK64) -> 0 | JO64: =SUM(JM64:JN64) -> 0 | KG64: =SUM(JP64:KF64) -> 0 | KY64: =SUM(KH64:KX64) -> 0
A65: M | B65: 31900 | C65: Municipio Simón Rodríguez | D65: =SUM(D66:D67) -> 0 | E65: =SUM(E66:E67) -> 0 | F65: =SUM(F66:F67) -> 0 | G65: =SUM(G66:G67) -> 0 | H65: =SUM(H66:H67) -> 0 | I65: =SUM(I66:I67) -> 0 | J65: =SUM(J66:J67) -> 0 | K65: =SUM(K66:K67) -> 0 | ... Y65: =SUM(Y66:Y67) -> 0 | Z65: =IFERROR(O65/D65,0) -> 0 | AA65: =IFERROR(P65/E65,0) -> 0 | AB65: =IFERROR(Q65/F65,0) -> 0 | AC65: =IFERROR(R65/G65,0) -> 0 | AD65: =IFERROR(S65/H65,0) -> 0 | AE65: =IFERROR(T65/I65,0) -> 0 | AF65: =IFERROR(U65/J65,0) -> 0 | AG65: =IFERROR(V65/K65,0) -> 0 | ... AJ65: =IFERROR(Y65/N65,0) -> 0 | AK65: =SUM(AK66:AK67) -> 0 | AL65: =SUM(AL66:AL67) -> 0 | AM65: =SUM(AM66:AM67) -> 0 | AN65: =SUM(AN66:AN67) -> 0 | AO65: =SUM(AO66:AO67) -> 0 | AP65: =SUM(AP66:AP67) -> 0 | AQ65: =SUM(AQ66:AQ67) -> 0 | AR65: =SUM(AR66:AR67) -> 0 | ... EX65: =SUM(EX66:EX67) -> 0 | EY65: =SUM(EP65:EX65) -> 0 | EZ65: =SUM(EZ66:EZ67) -> 0 | FA65: =SUM(FA66:FA67) -> 0 | FB65: =SUM(FB66:FB67) -> 0 | FC65: =SUM(FC66:FC67) -> 0 | FD65: =SUM(FD66:FD67) -> 0 | FE65: =SUM(FE66:FE67) -> 0 | FF65: =SUM(FF66:FF67) -> 0 | FG65: =SUM(FG66:FG67) -> 0 | ... GP65: =SUM(GP66:GP67) -> 0 | GQ65: =SUM(FT65:GP65) -> 0 | GR65: =SUM(GR66:GR67) -> 0 | GS65: =SUM(GS66:GS67) -> 0 | GT65: =SUM(GT66:GT67) -> 0 | GU65: =SUM(GU66:GU67) -> 0 | GV65: =SUM(GV66:GV67) -> 0 | GW65: =SUM(GW66:GW67) -> 0 | GX65: =SUM(GX66:GX67) -> 0 | GY65: =SUM(GY66:GY67) -> 0 | ... MM65: =SUM(MM66:MM67) -> 0
A66: P | B66: 31901 | C66: Parroquia Edmundo Barrios | N66: =SUM(D66:M66) -> 0 | Y66: =SUM(O66:X66) -> 0 | Z66: =IFERROR(O66/D66,0) -> 0 | AA66: =IFERROR(P66/E66,0) -> 0 | AB66: =IFERROR(Q66/F66,0) -> 0 | AC66: =IFERROR(R66/G66,0) -> 0 | AD66: =IFERROR(S66/H66,0) -> 0 | AE66: =IFERROR(T66/I66,0) -> 0 | AF66: =IFERROR(U66/J66,0) -> 0 | AG66: =IFERROR(V66/K66,0) -> 0 | ... AJ66: =IFERROR(Y66/N66,0) -> 0 | AT66: =SUM(AL66:AS66) -> 0 | BU66: =SUM(AU66:BT66) -> 0 | BY66: =SUM(BV66:BX66) -> 0 | DC66: =SUM(BZ66:DB66) -> 0 | DF66: =SUM(DD66:DE66) -> 0 | EJ66: =SUM(EC66:ED66,DX66:DY66,DS66:DT66,DN66:DO66,DI66:DJ66,EI66,) -> 0 | EK66: =SUM(EE66:EH66,DZ66:EB66,DU66:DW66,DP66:DR66,DK66:DM66,DG66:DH66) -> 0 | EO66: =SUM(EL66:EN66) -> 0 | EY66: =SUM(EP66:EX66) -> 0 | FH66: =SUM(EZ66:FG66) -> 0 | FS66: =SUM(FI66:FR66) -> 0 | GQ66: =SUM(FT66:GP66) -> 0 | GS66: =SUM(GR66) -> 0 | HS66: =SUM(GT66:HR66) -> 0 | HV66: =SUM(HT66:HU66) -> 0 | IC66: =SUM(HW66:IB66) -> 0 | IN66: =SUM(ID66:IM66) -> 0 | IO66: =SUM(AT66,BU66,BY66,DC66,DF66,EK66,EO66,EY66,FH66,FS66,GQ66,GS66,HS66,HV66,IC66,IN66,EJ66) -> 0 | JD66: =SUM(IP66,IR66,IT66,IZ66,JB66,IX66,IV66) -> 0 | JE66: =SUM(IQ66,IS66,IU66,JA66,JC66,IY66,IW66) -> 0 | JF66: =SUM(JD66:JE66) -> 0 | JL66: =SUM(JG66:JK66) -> 0 | JO66: =SUM(JM66:JN66) -> 0 | KG66: =SUM(JP66:KF66) -> 0 | KY66: =SUM(KH66:KX66) -> 0
A67: P | B67: 31902 | C67: Parroquia Miguel Otero Silva | N67: =SUM(D67:M67) -> 0 | Y67: =SUM(O67:X67) -> 0 | Z67: =IFERROR(O67/D67,0) -> 0 | AA67: =IFERROR(P67/E67,0) -> 0 | AB67: =IFERROR(Q67/F67,0) -> 0 | AC67: =IFERROR(R67/G67,0) -> 0 | AD67: =IFERROR(S67/H67,0) -> 0 | AE67: =IFERROR(T67/I67,0) -> 0 | AF67: =IFERROR(U67/J67,0) -> 0 | AG67: =IFERROR(V67/K67,0) -> 0 | ... AJ67: =IFERROR(Y67/N67,0) -> 0 | AT67: =SUM(AL67:AS67) -> 0 | BU67: =SUM(AU67:BT67) -> 0 | BY67: =SUM(BV67:BX67) -> 0 | DC67: =SUM(BZ67:DB67) -> 0 | DF67: =SUM(DD67:DE67) -> 0 | EJ67: =SUM(EC67:ED67,DX67:DY67,DS67:DT67,DN67:DO67,DI67:DJ67,EI67,) -> 0 | EK67: =SUM(EE67:EH67,DZ67:EB67,DU67:DW67,DP67:DR67,DK67:DM67,DG67:DH67) -> 0 | EO67: =SUM(EL67:EN67) -> 0 | EY67: =SUM(EP67:EX67) -> 0 | FH67: =SUM(EZ67:FG67) -> 0 | FS67: =SUM(FI67:FR67) -> 0 | GQ67: =SUM(FT67:GP67) -> 0 | GS67: =SUM(GR67) -> 0 | HS67: =SUM(GT67:HR67) -> 0 | HV67: =SUM(HT67:HU67) -> 0 | IC67: =SUM(HW67:IB67) -> 0 | IN67: =SUM(ID67:IM67) -> 0 | IO67: =SUM(AT67,BU67,BY67,DC67,DF67,EK67,EO67,EY67,FH67,FS67,GQ67,GS67,HS67,HV67,IC67,IN67,EJ67) -> 0 | JD67: =SUM(IP67,IR67,IT67,IZ67,JB67,IX67,IV67) -> 0 | JE67: =SUM(IQ67,IS67,IU67,JA67,JC67,IY67,IW67) -> 0 | JF67: =SUM(JD67:JE67) -> 0 | JL67: =SUM(JG67:JK67) -> 0 | JO67: =SUM(JM67:JN67) -> 0 | KG67: =SUM(JP67:KF67) -> 0 | KY67: =SUM(KH67:KX67) -> 0
A68: M | B68: 31500 | C68: Municipio San José de Guanipa | D68: =SUM(D69) -> 0 | E68: 4 | F68: 2 | G68: =SUM(G69) -> 0 | H68: 1 | I68: =SUM(I69) -> 0 | J68: =SUM(J69) -> 0 | K68: =SUM(K69) -> 0 | L68: =SUM(L69) -> 0 | M68: 1 | N68: =SUM(N69) -> 8 | O68: =SUM(O69) -> 0 | P68: =SUM(P69) -> 4 | Q68: =SUM(Q69) -> 2 | R68: =SUM(R69) -> 0 | S68: =SUM(S69) -> 1 | T68: =SUM(T69) -> 0 | U68: =SUM(U69) -> 0 | ... Y68: =SUM(Y69) -> 8 | Z68: =IFERROR(O68/D68,0) -> 0 | AA68: =IFERROR(P68/E68,0) -> 1 | AB68: =IFERROR(Q68/F68,0) -> 1 | AC68: =IFERROR(R68/G68,0) -> 0 | AD68: =IFERROR(S68/H68,0) -> 1 | AE68: =IFERROR(T68/I68,0) -> 0 | AF68: =IFERROR(U68/J68,0) -> 0 | AG68: =IFERROR(V68/K68,0) -> 0 | ... AJ68: =IFERROR(Y68/N68,0) -> 1 | AK68: =SUM(AK69) -> 0 | AL68: =SUM(AL69) -> 10 | AM68: =SUM(AM69) -> 9 | AN68: =SUM(AN69) -> 0 | AO68: =SUM(AO69) -> 0 | AP68: =SUM(AP69) -> 0 | AQ68: =SUM(AQ69) -> 0 | AR68: =SUM(AR69) -> 0 | ... EX68: =SUM(EX69) -> 0 | EY68: =SUM(EP68:EX68) -> 0 | EZ68: =SUM(EZ69) -> 57 | FA68: =SUM(FA69) -> 8 | FB68: =SUM(FB69) -> 7 | FC68: =SUM(FC69) -> 2 | FD68: =SUM(FD69) -> 0 | FE68: =SUM(FE69) -> 2 | FF68: =SUM(FF69) -> 1 | FG68: =SUM(FG69) -> 27 | ... GP68: =SUM(GP69) -> 0 | GQ68: =SUM(FT68:GP68) -> 0 | GR68: =SUM(GR69) -> 0 | GS68: =SUM(GS69) -> 0 | GT68: =SUM(GT69) -> 0 | GU68: =SUM(GU69) -> 0 | GV68: =SUM(GV69) -> 28 | GW68: =SUM(GW69) -> 15 | GX68: =SUM(GX69) -> 68 | GY68: =SUM(GY69) -> 19 | ... MM68: =SUM(MM69) -> 0
A69: P | B69: 31501 | C69: No Tiene Parroquia | E69: 4 | F69: 2 | H69: 1 | M69: 1 | N69: =SUM(D69:M69) -> 8 | P69: 4 | Q69: 2 | S69: 1 | X69: 1 | Y69: =SUM(O69:X69) -> 8 | Z69: =IFERROR(O69/D69,0) -> 0 | AA69: =IFERROR(P69/E69,0) -> 1 | AB69: =IFERROR(Q69/F69,0) -> 1 | AC69: =IFERROR(R69/G69,0) -> 0 | AD69: =IFERROR(S69/H69,0) -> 1 | AE69: =IFERROR(T69/I69,0) -> 0 | AF69: =IFERROR(U69/J69,0) -> 0 | AG69: =IFERROR(V69/K69,0) -> 0 | ... AJ69: =IFERROR(Y69/N69,0) -> 1 | AL69: 10 | AM69: 9 | AT69: =SUM(AL69:AS69) -> 19 | AU69: 1 | AV69: 10 | AW69: 63 | BA69: 1 | BM69: 48 | BO69: 1 | BU69: =SUM(AU69:BT69) -> 124 | BY69: =SUM(BV69:BX69) -> 0 | BZ69: 96 | CA69: 61 | CB69: 45 | CC69: 1 | CD69: 2 | CE69: 10 | CF69: 24 | CH69: 1 | CI69: 2 | CJ69: 19 | CL69: 1 | CM69: 2 | CN69: 6 | CP69: 1 | CQ69: 1 | CR69: 1 | CU69: 3 | CV69: 2 | CW69: 50 | CZ69: 1 | DB69: 7 | DC69: =SUM(BZ69:DB69) -> 336 | DD69: 97 | DE69: 63 | DF69: =SUM(DD69:DE69) -> 160 | DG69: 31 | DJ69: 4 | DK69: 15 | DL69: 16 | DP69: 2 | DQ69: 11 | DT69: 2 | DU69: 1 | DV69: 1 | EA69: 2 | ED69: 1 | EF69: 1 | EG69: 30 | EI69: 29 | EJ69: =SUM(EC69:ED69,DX69:DY69,DS69:DT69,DN69:DO69,DI69:DJ69,EI69,) -> 36 | EK69: =SUM(EE69:EH69,DZ69:EB69,DU69:DW69,DP69:DR69,DK69:DM69,DG69:DH69) -> 110 | EO69: =SUM(EL69:EN69) -> 0 | EY69: =SUM(EP69:EX69) -> 0 | EZ69: 57 | FA69: 8 | FB69: 7 | FC69: 2 | FE69: 2 | FF69: 1 | FG69: 27 | FH69: =SUM(EZ69:FG69) -> 104 | FI69: 62 | FJ69: 22 | FK69: 4 | FL69: 14 | FM69: 6 | FN69: 2 | FO69: 3 | FP69: 8 | FQ69: 1 | FR69: 6 | FS69: =SUM(FI69:FR69) -> 128 | GQ69: =SUM(FT69:GP69) -> 0 | GS69: =SUM(GR69) -> 0 | GV69: 28 | GW69: 15 | GX69: 68 | GY69: 19 | GZ69: 24 | HA69: 9 | HB69: 1 | HC69: 1 | HD69: 62 | HE69: 34 | HG69: 73 | HH69: 12 | HI69: 7 | HJ69: 4 | HK69: 1 | HL69: 1 | HM69: 11 | HN69: 5 | HP69: 2 | HS69: =SUM(GT69:HR69) -> 377 | HV69: =SUM(HT69:HU69) -> 0 | IC69: =SUM(HW69:IB69) -> 0 | IN69: =SUM(ID69:IM69) -> 0 | IO69: =SUM(AT69,BU69,BY69,DC69,DF69,EK69,EO69,EY69,FH69,FS69,GQ69,GS69,HS69,HV69,IC69,IN69,EJ69) -> 1394 | IP69: 127 | IQ69: 114 | IR69: 52 | IS69: 58 | IT69: 16 | IU69: 19 | IV69: 10 | IW69: 9 | IX69: 7 | IY69: 7 | IZ69: 37 | JA69: 30 | JB69: 157 | JC69: 334 | JD69: =SUM(IP69,IR69,IT69,IZ69,JB69,IX69,IV69) -> 406 | JE69: =SUM(IQ69,IS69,IU69,JA69,JC69,IY69,IW69) -> 571 | JF69: =SUM(JD69:JE69) -> 977 | JL69: =SUM(JG69:JK69) -> 0 | JO69: =SUM(JM69:JN69) -> 0 | JP69: 14 | JT69: 1 | JU69: 4 | JY69: 58 | JZ69: 78 | KG69: =SUM(JP69:KF69) -> 155 | KY69: =SUM(KH69:KX69) -> 0
A70: M | B70: 30700 | C70: Municipio Independencia | D70: =SUM(D71:D72) -> 0 | E70: =SUM(E71:E72) -> 0 | F70: =SUM(F71:F72) -> 0 | G70: =SUM(G71:G72) -> 0 | H70: =SUM(H71:H72) -> 0 | I70: =SUM(I71:I72) -> 0 | J70: =SUM(J71:J72) -> 0 | K70: =SUM(K71:K72) -> 0 | ... Y70: =SUM(Y71:Y72) -> 0 | Z70: =IFERROR(O70/D70,0) -> 0 | AA70: =IFERROR(P70/E70,0) -> 0 | AB70: =IFERROR(Q70/F70,0) -> 0 | AC70: =IFERROR(R70/G70,0) -> 0 | AD70: =IFERROR(S70/H70,0) -> 0 | AE70: =IFERROR(T70/I70,0) -> 0 | AF70: =IFERROR(U70/J70,0) -> 0 | AG70: =IFERROR(V70/K70,0) -> 0 | ... AJ70: =IFERROR(Y70/N70,0) -> 0 | AK70: =SUM(AK71:AK72) -> 0 | AL70: =SUM(AL71:AL72) -> 0 | AM70: =SUM(AM71:AM72) -> 0 | AN70: =SUM(AN71:AN72) -> 0 | AO70: =SUM(AO71:AO72) -> 0 | AP70: =SUM(AP71:AP72) -> 0 | AQ70: =SUM(AQ71:AQ72) -> 0 | AR70: =SUM(AR71:AR72) -> 0 | ... EX70: =SUM(EX71:EX72) -> 0 | EY70: =SUM(EP70:EX70) -> 0 | EZ70: =SUM(EZ71:EZ72) -> 0 | FA70: =SUM(FA71:FA72) -> 0 | FB70: =SUM(FB71:FB72) -> 0 | FC70: =SUM(FC71:FC72) -> 0 | FD70: =SUM(FD71:FD72) -> 0 | FE70: =SUM(FE71:FE72) -> 0 | FF70: =SUM(FF71:FF72) -> 0 | FG70: =SUM(FG71:FG72) -> 0 | ... GP70: =SUM(GP71:GP72) -> 0 | GQ70: =SUM(FT70:GP70) -> 0 | GR70: =SUM(GR71:GR72) -> 0 | GS70: =SUM(GS71:GS72) -> 0 | GT70: =SUM(GT71:GT72) -> 0 | GU70: =SUM(GU71:GU72) -> 0 | GV70: =SUM(GV71:GV72) -> 0 | GW70: =SUM(GW71:GW72) -> 0 | GX70: =SUM(GX71:GX72) -> 0 | GY70: =SUM(GY71:GY72) -> 0 | ... MM70: =SUM(MM71:MM72) -> 0
A71: P | B71: 30701 | C71: Parroquia Capital Independencia | N71: =SUM(D71:M71) -> 0 | Y71: =SUM(O71:X71) -> 0 | Z71: =IFERROR(O71/D71,0) -> 0 | AA71: =IFERROR(P71/E71,0) -> 0 | AB71: =IFERROR(Q71/F71,0) -> 0 | AC71: =IFERROR(R71/G71,0) -> 0 | AD71: =IFERROR(S71/H71,0) -> 0 | AE71: =IFERROR(T71/I71,0) -> 0 | AF71: =IFERROR(U71/J71,0) -> 0 | AG71: =IFERROR(V71/K71,0) -> 0 | ... AJ71: =IFERROR(Y71/N71,0) -> 0 | AT71: =SUM(AL71:AS71) -> 0 | BU71: =SUM(AU71:BT71) -> 0 | BY71: =SUM(BV71:BX71) -> 0 | DC71: =SUM(BZ71:DB71) -> 0 | DF71: =SUM(DD71:DE71) -> 0 | EJ71: =SUM(EC71:ED71,DX71:DY71,DS71:DT71,DN71:DO71,DI71:DJ71,EI71,) -> 0 | EK71: =SUM(EE71:EH71,DZ71:EB71,DU71:DW71,DP71:DR71,DK71:DM71,DG71:DH71) -> 0 | EO71: =SUM(EL71:EN71) -> 0 | EY71: =SUM(EP71:EX71) -> 0 | FH71: =SUM(EZ71:FG71) -> 0 | FS71: =SUM(FI71:FR71) -> 0 | GQ71: =SUM(FT71:GP71) -> 0 | GS71: =SUM(GR71) -> 0 | HS71: =SUM(GT71:HR71) -> 0 | HV71: =SUM(HT71:HU71) -> 0 | IC71: =SUM(HW71:IB71) -> 0 | IN71: =SUM(ID71:IM71) -> 0 | IO71: =SUM(AT71,BU71,BY71,DC71,DF71,EK71,EO71,EY71,FH71,FS71,GQ71,GS71,HS71,HV71,IC71,IN71,EJ71) -> 0 | JD71: =SUM(IP71,IR71,IT71,IZ71,JB71,IX71,IV71) -> 0 | JE71: =SUM(IQ71,IS71,IU71,JA71,JC71,IY71,IW71) -> 0 | JF71: =SUM(JD71:JE71) -> 0 | JL71: =SUM(JG71:JK71) -> 0 | JO71: =SUM(JM71:JN71) -> 0 | KG71: =SUM(JP71:KF71) -> 0 | KY71: =SUM(KH71:KX71) -> 0
A72: P | B72: 30702 | C72: Parroquia Mamo | N72: =SUM(D72:M72) -> 0 | Y72: =SUM(O72:X72) -> 0 | Z72: =IFERROR(O72/D72,0) -> 0 | AA72: =IFERROR(P72/E72,0) -> 0 | AB72: =IFERROR(Q72/F72,0) -> 0 | AC72: =IFERROR(R72/G72,0) -> 0 | AD72: =IFERROR(S72/H72,0) -> 0 | AE72: =IFERROR(T72/I72,0) -> 0 | AF72: =IFERROR(U72/J72,0) -> 0 | AG72: =IFERROR(V72/K72,0) -> 0 | ... AJ72: =IFERROR(Y72/N72,0) -> 0 | AT72: =SUM(AL72:AS72) -> 0 | BU72: =SUM(AU72:BT72) -> 0 | BY72: =SUM(BV72:BX72) -> 0 | DC72: =SUM(BZ72:DB72) -> 0 | DF72: =SUM(DD72:DE72) -> 0 | EJ72: =SUM(EC72:ED72,DX72:DY72,DS72:DT72,DN72:DO72,DI72:DJ72,EI72,) -> 0 | EK72: =SUM(EE72:EH72,DZ72:EB72,DU72:DW72,DP72:DR72,DK72:DM72,DG72:DH72) -> 0 | EO72: =SUM(EL72:EN72) -> 0 | EY72: =SUM(EP72:EX72) -> 0 | FH72: =SUM(EZ72:FG72) -> 0 | FS72: =SUM(FI72:FR72) -> 0 | GQ72: =SUM(FT72:GP72) -> 0 | GS72: =SUM(GR72) -> 0 | HS72: =SUM(GT72:HR72) -> 0 | HV72: =SUM(HT72:HU72) -> 0 | IC72: =SUM(HW72:IB72) -> 0 | IN72: =SUM(ID72:IM72) -> 0 | IO72: =SUM(AT72,BU72,BY72,DC72,DF72,EK72,EO72,EY72,FH72,FS72,GQ72,GS72,HS72,HV72,IC72,IN72,EJ72) -> 0 | JD72: =SUM(IP72,IR72,IT72,IZ72,JB72,IX72,IV72) -> 0 | JE72: =SUM(IQ72,IS72,IU72,JA72,JC72,IY72,IW72) -> 0 | JF72: =SUM(JD72:JE72) -> 0 | JL72: =SUM(JG72:JK72) -> 0 | JO72: =SUM(JM72:JN72) -> 0 | KG72: =SUM(JP72:KF72) -> 0 | KY72: =SUM(KH72:KX72) -> 0
A73: M | B73: 30500 | C73: Municipio Francisco de Miranda | D73: =SUM(D74:D78) -> 0 | E73: =SUM(E74:E78) -> 0 | F73: =SUM(F74:F78) -> 0 | G73: =SUM(G74:G78) -> 0 | H73: =SUM(H74:H78) -> 0 | I73: =SUM(I74:I78) -> 0 | J73: =SUM(J74:J78) -> 0 | K73: =SUM(K74:K78) -> 0 | ... Y73: =SUM(Y74:Y78) -> 0 | Z73: =IFERROR(O73/D73,0) -> 0 | AA73: =IFERROR(P73/E73,0) -> 0 | AB73: =IFERROR(Q73/F73,0) -> 0 | AC73: =IFERROR(R73/G73,0) -> 0 | AD73: =IFERROR(S73/H73,0) -> 0 | AE73: =IFERROR(T73/I73,0) -> 0 | AF73: =IFERROR(U73/J73,0) -> 0 | AG73: =IFERROR(V73/K73,0) -> 0 | ... AJ73: =IFERROR(Y73/N73,0) -> 0 | AK73: =SUM(AK74:AK78) -> 0 | AL73: =SUM(AL74:AL78) -> 0 | AM73: =SUM(AM74:AM78) -> 0 | AN73: =SUM(AN74:AN78) -> 0 | AO73: =SUM(AO74:AO78) -> 0 | AP73: =SUM(AP74:AP78) -> 0 | AQ73: =SUM(AQ74:AQ78) -> 0 | AR73: =SUM(AR74:AR78) -> 0 | ... EX73: =SUM(EX74:EX78) -> 0 | EY73: =SUM(EP73:EX73) -> 0 | EZ73: =SUM(EZ74:EZ78) -> 0 | FA73: =SUM(FA74:FA78) -> 0 | FB73: =SUM(FB74:FB78) -> 0 | FC73: =SUM(FC74:FC78) -> 0 | FD73: =SUM(FD74:FD78) -> 0 | FE73: =SUM(FE74:FE78) -> 0 | FF73: =SUM(FF74:FF78) -> 0 | FG73: =SUM(FG74:FG78) -> 0 | ... GP73: =SUM(GP74:GP78) -> 0 | GQ73: =SUM(FT73:GP73) -> 0 | GR73: =SUM(GR74:GR78) -> 0 | GS73: =SUM(GS74:GS78) -> 0 | GT73: =SUM(GT74:GT78) -> 0 | GU73: =SUM(GU74:GU78) -> 0 | GV73: =SUM(GV74:GV78) -> 0 | GW73: =SUM(GW74:GW78) -> 0 | GX73: =SUM(GX74:GX78) -> 0 | GY73: =SUM(GY74:GY78) -> 0 | ... MM73: =SUM(MM74:MM78) -> 0
A74: P | B74: 30501 | C74: Parroquia Capital Francisco de Miranda | N74: =SUM(D74:M74) -> 0 | Y74: =SUM(O74:X74) -> 0 | Z74: =IFERROR(O74/D74,0) -> 0 | AA74: =IFERROR(P74/E74,0) -> 0 | AB74: =IFERROR(Q74/F74,0) -> 0 | AC74: =IFERROR(R74/G74,0) -> 0 | AD74: =IFERROR(S74/H74,0) -> 0 | AE74: =IFERROR(T74/I74,0) -> 0 | AF74: =IFERROR(U74/J74,0) -> 0 | AG74: =IFERROR(V74/K74,0) -> 0 | ... AJ74: =IFERROR(Y74/N74,0) -> 0 | AT74: =SUM(AL74:AS74) -> 0 | BU74: =SUM(AU74:BT74) -> 0 | BY74: =SUM(BV74:BX74) -> 0 | DC74: =SUM(BZ74:DB74) -> 0 | DF74: =SUM(DD74:DE74) -> 0 | EJ74: =SUM(EC74:ED74,DX74:DY74,DS74:DT74,DN74:DO74,DI74:DJ74,EI74,) -> 0 | EK74: =SUM(EE74:EH74,DZ74:EB74,DU74:DW74,DP74:DR74,DK74:DM74,DG74:DH74) -> 0 | EO74: =SUM(EL74:EN74) -> 0 | EY74: =SUM(EP74:EX74) -> 0 | FH74: =SUM(EZ74:FG74) -> 0 | FS74: =SUM(FI74:FR74) -> 0 | GQ74: =SUM(FT74:GP74) -> 0 | GS74: =SUM(GR74) -> 0 | HS74: =SUM(GT74:HR74) -> 0 | HV74: =SUM(HT74:HU74) -> 0 | IC74: =SUM(HW74:IB74) -> 0 | IN74: =SUM(ID74:IM74) -> 0 | IO74: =SUM(AT74,BU74,BY74,DC74,DF74,EK74,EO74,EY74,FH74,FS74,GQ74,GS74,HS74,HV74,IC74,IN74,EJ74) -> 0 | JD74: =SUM(IP74,IR74,IT74,IZ74,JB74,IX74,IV74) -> 0 | JE74: =SUM(IQ74,IS74,IU74,JA74,JC74,IY74,IW74) -> 0 | JF74: =SUM(JD74:JE74) -> 0 | JL74: =SUM(JG74:JK74) -> 0 | JO74: =SUM(JM74:JN74) -> 0 | KG74: =SUM(JP74:KF74) -> 0 | KY74: =SUM(KH74:KX74) -> 0
A75: P | B75: 30502 | C75: Parroquia Atapirire | N75: =SUM(D75:M75) -> 0 | Y75: =SUM(O75:X75) -> 0 | Z75: =IFERROR(O75/D75,0) -> 0 | AA75: =IFERROR(P75/E75,0) -> 0 | AB75: =IFERROR(Q75/F75,0) -> 0 | AC75: =IFERROR(R75/G75,0) -> 0 | AD75: =IFERROR(S75/H75,0) -> 0 | AE75: =IFERROR(T75/I75,0) -> 0 | AF75: =IFERROR(U75/J75,0) -> 0 | AG75: =IFERROR(V75/K75,0) -> 0 | ... AJ75: =IFERROR(Y75/N75,0) -> 0 | AT75: =SUM(AL75:AS75) -> 0 | BU75: =SUM(AU75:BT75) -> 0 | BY75: =SUM(BV75:BX75) -> 0 | DC75: =SUM(BZ75:DB75) -> 0 | DF75: =SUM(DD75:DE75) -> 0 | EJ75: =SUM(EC75:ED75,DX75:DY75,DS75:DT75,DN75:DO75,DI75:DJ75,EI75,) -> 0 | EK75: =SUM(EE75:EH75,DZ75:EB75,DU75:DW75,DP75:DR75,DK75:DM75,DG75:DH75) -> 0 | EO75: =SUM(EL75:EN75) -> 0 | EY75: =SUM(EP75:EX75) -> 0 | FH75: =SUM(EZ75:FG75) -> 0 | FS75: =SUM(FI75:FR75) -> 0 | GQ75: =SUM(FT75:GP75) -> 0 | GS75: =SUM(GR75) -> 0 | HS75: =SUM(GT75:HR75) -> 0 | HV75: =SUM(HT75:HU75) -> 0 | IC75: =SUM(HW75:IB75) -> 0 | IN75: =SUM(ID75:IM75) -> 0 | IO75: =SUM(AT75,BU75,BY75,DC75,DF75,EK75,EO75,EY75,FH75,FS75,GQ75,GS75,HS75,HV75,IC75,IN75,EJ75) -> 0 | JD75: =SUM(IP75,IR75,IT75,IZ75,JB75,IX75,IV75) -> 0 | JE75: =SUM(IQ75,IS75,IU75,JA75,JC75,IY75,IW75) -> 0 | JF75: =SUM(JD75:JE75) -> 0 | JL75: =SUM(JG75:JK75) -> 0 | JO75: =SUM(JM75:JN75) -> 0 | KG75: =SUM(JP75:KF75) -> 0 | KY75: =SUM(KH75:KX75) -> 0
A76: P | B76: 30503 | C76: Parroquia Boca del Pao | N76: =SUM(D76:M76) -> 0 | Y76: =SUM(O76:X76) -> 0 | Z76: =IFERROR(O76/D76,0) -> 0 | AA76: =IFERROR(P76/E76,0) -> 0 | AB76: =IFERROR(Q76/F76,0) -> 0 | AC76: =IFERROR(R76/G76,0) -> 0 | AD76: =IFERROR(S76/H76,0) -> 0 | AE76: =IFERROR(T76/I76,0) -> 0 | AF76: =IFERROR(U76/J76,0) -> 0 | AG76: =IFERROR(V76/K76,0) -> 0 | ... AJ76: =IFERROR(Y76/N76,0) -> 0 | AT76: =SUM(AL76:AS76) -> 0 | BU76: =SUM(AU76:BT76) -> 0 | BY76: =SUM(BV76:BX76) -> 0 | DC76: =SUM(BZ76:DB76) -> 0 | DF76: =SUM(DD76:DE76) -> 0 | EJ76: =SUM(EC76:ED76,DX76:DY76,DS76:DT76,DN76:DO76,DI76:DJ76,EI76,) -> 0 | EK76: =SUM(EE76:EH76,DZ76:EB76,DU76:DW76,DP76:DR76,DK76:DM76,DG76:DH76) -> 0 | EO76: =SUM(EL76:EN76) -> 0 | EY76: =SUM(EP76:EX76) -> 0 | FH76: =SUM(EZ76:FG76) -> 0 | FS76: =SUM(FI76:FR76) -> 0 | GQ76: =SUM(FT76:GP76) -> 0 | GS76: =SUM(GR76) -> 0 | HS76: =SUM(GT76:HR76) -> 0 | HV76: =SUM(HT76:HU76) -> 0 | IC76: =SUM(HW76:IB76) -> 0 | IN76: =SUM(ID76:IM76) -> 0 | IO76: =SUM(AT76,BU76,BY76,DC76,DF76,EK76,EO76,EY76,FH76,FS76,GQ76,GS76,HS76,HV76,IC76,IN76,EJ76) -> 0 | JD76: =SUM(IP76,IR76,IT76,IZ76,JB76,IX76,IV76) -> 0 | JE76: =SUM(IQ76,IS76,IU76,JA76,JC76,IY76,IW76) -> 0 | JF76: =SUM(JD76:JE76) -> 0 | JL76: =SUM(JG76:JK76) -> 0 | JO76: =SUM(JM76:JN76) -> 0 | KG76: =SUM(JP76:KF76) -> 0 | KY76: =SUM(KH76:KX76) -> 0
A77: P | B77: 30504 | C77: Parroquia El Pao | N77: =SUM(D77:M77) -> 0 | Y77: =SUM(O77:X77) -> 0 | Z77: =IFERROR(O77/D77,0) -> 0 | AA77: =IFERROR(P77/E77,0) -> 0 | AB77: =IFERROR(Q77/F77,0) -> 0 | AC77: =IFERROR(R77/G77,0) -> 0 | AD77: =IFERROR(S77/H77,0) -> 0 | AE77: =IFERROR(T77/I77,0) -> 0 | AF77: =IFERROR(U77/J77,0) -> 0 | AG77: =IFERROR(V77/K77,0) -> 0 | ... AJ77: =IFERROR(Y77/N77,0) -> 0 | AT77: =SUM(AL77:AS77) -> 0 | BU77: =SUM(AU77:BT77) -> 0 | BY77: =SUM(BV77:BX77) -> 0 | DC77: =SUM(BZ77:DB77) -> 0 | DF77: =SUM(DD77:DE77) -> 0 | EJ77: =SUM(EC77:ED77,DX77:DY77,DS77:DT77,DN77:DO77,DI77:DJ77,EI77,) -> 0 | EK77: =SUM(EE77:EH77,DZ77:EB77,DU77:DW77,DP77:DR77,DK77:DM77,DG77:DH77) -> 0 | EO77: =SUM(EL77:EN77) -> 0 | EY77: =SUM(EP77:EX77) -> 0 | FH77: =SUM(EZ77:FG77) -> 0 | FS77: =SUM(FI77:FR77) -> 0 | GQ77: =SUM(FT77:GP77) -> 0 | GS77: =SUM(GR77) -> 0 | HS77: =SUM(GT77:HR77) -> 0 | HV77: =SUM(HT77:HU77) -> 0 | IC77: =SUM(HW77:IB77) -> 0 | IN77: =SUM(ID77:IM77) -> 0 | IO77: =SUM(AT77,BU77,BY77,DC77,DF77,EK77,EO77,EY77,FH77,FS77,GQ77,GS77,HS77,HV77,IC77,IN77,EJ77) -> 0 | JD77: =SUM(IP77,IR77,IT77,IZ77,JB77,IX77,IV77) -> 0 | JE77: =SUM(IQ77,IS77,IU77,JA77,JC77,IY77,IW77) -> 0 | JF77: =SUM(JD77:JE77) -> 0 | JL77: =SUM(JG77:JK77) -> 0 | JO77: =SUM(JM77:JN77) -> 0 | KG77: =SUM(JP77:KF77) -> 0 | KY77: =SUM(KH77:KX77) -> 0
A78: P | B78: 30505 | C78: Parroquia Múcura | N78: =SUM(D78:M78) -> 0 | Y78: =SUM(O78:X78) -> 0 | Z78: =IFERROR(O78/D78,0) -> 0 | AA78: =IFERROR(P78/E78,0) -> 0 | AB78: =IFERROR(Q78/F78,0) -> 0 | AC78: =IFERROR(R78/G78,0) -> 0 | AD78: =IFERROR(S78/H78,0) -> 0 | AE78: =IFERROR(T78/I78,0) -> 0 | AF78: =IFERROR(U78/J78,0) -> 0 | AG78: =IFERROR(V78/K78,0) -> 0 | ... AJ78: =IFERROR(Y78/N78,0) -> 0 | AT78: =SUM(AL78:AS78) -> 0 | BU78: =SUM(AU78:BT78) -> 0 | BY78: =SUM(BV78:BX78) -> 0 | DC78: =SUM(BZ78:DB78) -> 0 | DF78: =SUM(DD78:DE78) -> 0 | EJ78: =SUM(EC78:ED78,DX78:DY78,DS78:DT78,DN78:DO78,DI78:DJ78,EI78,) -> 0 | EK78: =SUM(EE78:EH78,DZ78:EB78,DU78:DW78,DP78:DR78,DK78:DM78,DG78:DH78) -> 0 | EO78: =SUM(EL78:EN78) -> 0 | EY78: =SUM(EP78:EX78) -> 0 | FH78: =SUM(EZ78:FG78) -> 0 | FS78: =SUM(FI78:FR78) -> 0 | GQ78: =SUM(FT78:GP78) -> 0 | GS78: =SUM(GR78) -> 0 | HS78: =SUM(GT78:HR78) -> 0 | HV78: =SUM(HT78:HU78) -> 0 | IC78: =SUM(HW78:IB78) -> 0 | IN78: =SUM(ID78:IM78) -> 0 | IO78: =SUM(AT78,BU78,BY78,DC78,DF78,EK78,EO78,EY78,FH78,FS78,GQ78,GS78,HS78,HV78,IC78,IN78,EJ78) -> 0 | JD78: =SUM(IP78,IR78,IT78,IZ78,JB78,IX78,IV78) -> 0 | JE78: =SUM(IQ78,IS78,IU78,JA78,JC78,IY78,IW78) -> 0 | JF78: =SUM(JD78:JE78) -> 0 | JL78: =SUM(JG78:JK78) -> 0 | JO78: =SUM(JM78:JN78) -> 0 | KG78: =SUM(JP78:KF78) -> 0 | KY78: =SUM(KH78:KX78) -> 0
A79: M | B79: 31000 | C79: Municipio José Gregorio Monagas | D79: =SUM(D80:D85) -> 0 | E79: =SUM(E80:E85) -> 0 | F79: =SUM(F80:F85) -> 0 | G79: =SUM(G80:G85) -> 0 | H79: =SUM(H80:H85) -> 0 | I79: =SUM(I80:I85) -> 0 | J79: =SUM(J80:J85) -> 0 | K79: =SUM(K80:K85) -> 0 | ... Y79: =SUM(Y80:Y85) -> 0 | Z79: =IFERROR(O79/D79,0) -> 0 | AA79: =IFERROR(P79/E79,0) -> 0 | AB79: =IFERROR(Q79/F79,0) -> 0 | AC79: =IFERROR(R79/G79,0) -> 0 | AD79: =IFERROR(S79/H79,0) -> 0 | AE79: =IFERROR(T79/I79,0) -> 0 | AF79: =IFERROR(U79/J79,0) -> 0 | AG79: =IFERROR(V79/K79,0) -> 0 | ... AJ79: =IFERROR(Y79/N79,0) -> 0 | AK79: =SUM(AK80:AK85) -> 0 | AL79: =SUM(AL80:AL85) -> 0 | AM79: =SUM(AM80:AM85) -> 0 | AN79: =SUM(AN80:AN85) -> 0 | AO79: =SUM(AO80:AO85) -> 0 | AP79: =SUM(AP80:AP85) -> 0 | AQ79: =SUM(AQ80:AQ85) -> 0 | AR79: =SUM(AR80:AR85) -> 0 | ... EX79: =SUM(EX80:EX85) -> 0 | EY79: =SUM(EP79:EX79) -> 0 | EZ79: =SUM(EZ80:EZ85) -> 0 | FA79: =SUM(FA80:FA85) -> 0 | FB79: =SUM(FB80:FB85) -> 0 | FC79: =SUM(FC80:FC85) -> 0 | FD79: =SUM(FD80:FD85) -> 0 | FE79: =SUM(FE80:FE85) -> 0 | FF79: =SUM(FF80:FF85) -> 0 | FG79: =SUM(FG80:FG85) -> 0 | ... GP79: =SUM(GP80:GP85) -> 0 | GQ79: =SUM(FT79:GP79) -> 0 | GR79: =SUM(GR80:GR85) -> 0 | GS79: =SUM(GS80:GS85) -> 0 | GT79: =SUM(GT80:GT85) -> 0 | GU79: =SUM(GU80:GU85) -> 0 | GV79: =SUM(GV80:GV85) -> 0 | GW79: =SUM(GW80:GW85) -> 0 | GX79: =SUM(GX80:GX85) -> 0 | GY79: =SUM(GY80:GY85) -> 0 | ... MM79: =SUM(MM80:MM85) -> 0
A80: P | B80: 31001 | C80: Parroquia Capital José Gregorio Monagas | N80: =SUM(D80:M80) -> 0 | Y80: =SUM(O80:X80) -> 0 | Z80: =IFERROR(O80/D80,0) -> 0 | AA80: =IFERROR(P80/E80,0) -> 0 | AB80: =IFERROR(Q80/F80,0) -> 0 | AC80: =IFERROR(R80/G80,0) -> 0 | AD80: =IFERROR(S80/H80,0) -> 0 | AE80: =IFERROR(T80/I80,0) -> 0 | AF80: =IFERROR(U80/J80,0) -> 0 | AG80: =IFERROR(V80/K80,0) -> 0 | ... AJ80: =IFERROR(Y80/N80,0) -> 0 | AT80: =SUM(AL80:AS80) -> 0 | BU80: =SUM(AU80:BT80) -> 0 | BY80: =SUM(BV80:BX80) -> 0 | DC80: =SUM(BZ80:DB80) -> 0 | DF80: =SUM(DD80:DE80) -> 0 | EJ80: =SUM(EC80:ED80,DX80:DY80,DS80:DT80,DN80:DO80,DI80:DJ80,EI80,) -> 0 | EK80: =SUM(EE80:EH80,DZ80:EB80,DU80:DW80,DP80:DR80,DK80:DM80,DG80:DH80) -> 0 | EO80: =SUM(EL80:EN80) -> 0 | EY80: =SUM(EP80:EX80) -> 0 | FH80: =SUM(EZ80:FG80) -> 0 | FS80: =SUM(FI80:FR80) -> 0 | GQ80: =SUM(FT80:GP80) -> 0 | GS80: =SUM(GR80) -> 0 | HS80: =SUM(GT80:HR80) -> 0 | HV80: =SUM(HT80:HU80) -> 0 | IC80: =SUM(HW80:IB80) -> 0 | IN80: =SUM(ID80:IM80) -> 0 | IO80: =SUM(AT80,BU80,BY80,DC80,DF80,EK80,EO80,EY80,FH80,FS80,GQ80,GS80,HS80,HV80,IC80,IN80,EJ80) -> 0 | JD80: =SUM(IP80,IR80,IT80,IZ80,JB80,IX80,IV80) -> 0 | JE80: =SUM(IQ80,IS80,IU80,JA80,JC80,IY80,IW80) -> 0 | JF80: =SUM(JD80:JE80) -> 0 | JL80: =SUM(JG80:JK80) -> 0 | JO80: =SUM(JM80:JN80) -> 0 | KG80: =SUM(JP80:KF80) -> 0 | KY80: =SUM(KH80:KX80) -> 0
A81: P | B81: 31002 | C81: Parroquia Piar | N81: =SUM(D81:M81) -> 0 | Y81: =SUM(O81:X81) -> 0 | Z81: =IFERROR(O81/D81,0) -> 0 | AA81: =IFERROR(P81/E81,0) -> 0 | AB81: =IFERROR(Q81/F81,0) -> 0 | AC81: =IFERROR(R81/G81,0) -> 0 | AD81: =IFERROR(S81/H81,0) -> 0 | AE81: =IFERROR(T81/I81,0) -> 0 | AF81: =IFERROR(U81/J81,0) -> 0 | AG81: =IFERROR(V81/K81,0) -> 0 | ... AJ81: =IFERROR(Y81/N81,0) -> 0 | AT81: =SUM(AL81:AS81) -> 0 | BU81: =SUM(AU81:BT81) -> 0 | BY81: =SUM(BV81:BX81) -> 0 | DC81: =SUM(BZ81:DB81) -> 0 | DF81: =SUM(DD81:DE81) -> 0 | EJ81: =SUM(EC81:ED81,DX81:DY81,DS81:DT81,DN81:DO81,DI81:DJ81,EI81,) -> 0 | EK81: =SUM(EE81:EH81,DZ81:EB81,DU81:DW81,DP81:DR81,DK81:DM81,DG81:DH81) -> 0 | EO81: =SUM(EL81:EN81) -> 0 | EY81: =SUM(EP81:EX81) -> 0 | FH81: =SUM(EZ81:FG81) -> 0 | FS81: =SUM(FI81:FR81) -> 0 | GQ81: =SUM(FT81:GP81) -> 0 | GS81: =SUM(GR81) -> 0 | HS81: =SUM(GT81:HR81) -> 0 | HV81: =SUM(HT81:HU81) -> 0 | IC81: =SUM(HW81:IB81) -> 0 | IN81: =SUM(ID81:IM81) -> 0 | IO81: =SUM(AT81,BU81,BY81,DC81,DF81,EK81,EO81,EY81,FH81,FS81,GQ81,GS81,HS81,HV81,IC81,IN81,EJ81) -> 0 | JD81: =SUM(IP81,IR81,IT81,IZ81,JB81,IX81,IV81) -> 0 | JE81: =SUM(IQ81,IS81,IU81,JA81,JC81,IY81,IW81) -> 0 | JF81: =SUM(JD81:JE81) -> 0 | JL81: =SUM(JG81:JK81) -> 0 | JO81: =SUM(JM81:JN81) -> 0 | KG81: =SUM(JP81:KF81) -> 0 | KY81: =SUM(KH81:KX81) -> 0
A82: P | B82: 31003 | C82: Parroquia San Diego de Cabrutica | N82: =SUM(D82:M82) -> 0 | Y82: =SUM(O82:X82) -> 0 | Z82: =IFERROR(O82/D82,0) -> 0 | AA82: =IFERROR(P82/E82,0) -> 0 | AB82: =IFERROR(Q82/F82,0) -> 0 | AC82: =IFERROR(R82/G82,0) -> 0 | AD82: =IFERROR(S82/H82,0) -> 0 | AE82: =IFERROR(T82/I82,0) -> 0 | AF82: =IFERROR(U82/J82,0) -> 0 | AG82: =IFERROR(V82/K82,0) -> 0 | ... AJ82: =IFERROR(Y82/N82,0) -> 0 | AT82: =SUM(AL82:AS82) -> 0 | BU82: =SUM(AU82:BT82) -> 0 | BY82: =SUM(BV82:BX82) -> 0 | DC82: =SUM(BZ82:DB82) -> 0 | DF82: =SUM(DD82:DE82) -> 0 | EJ82: =SUM(EC82:ED82,DX82:DY82,DS82:DT82,DN82:DO82,DI82:DJ82,EI82,) -> 0 | EK82: =SUM(EE82:EH82,DZ82:EB82,DU82:DW82,DP82:DR82,DK82:DM82,DG82:DH82) -> 0 | EO82: =SUM(EL82:EN82) -> 0 | EY82: =SUM(EP82:EX82) -> 0 | FH82: =SUM(EZ82:FG82) -> 0 | FS82: =SUM(FI82:FR82) -> 0 | GQ82: =SUM(FT82:GP82) -> 0 | GS82: =SUM(GR82) -> 0 | HS82: =SUM(GT82:HR82) -> 0 | HV82: =SUM(HT82:HU82) -> 0 | IC82: =SUM(HW82:IB82) -> 0 | IN82: =SUM(ID82:IM82) -> 0 | IO82: =SUM(AT82,BU82,BY82,DC82,DF82,EK82,EO82,EY82,FH82,FS82,GQ82,GS82,HS82,HV82,IC82,IN82,EJ82) -> 0 | JD82: =SUM(IP82,IR82,IT82,IZ82,JB82,IX82,IV82) -> 0 | JE82: =SUM(IQ82,IS82,IU82,JA82,JC82,IY82,IW82) -> 0 | JF82: =SUM(JD82:JE82) -> 0 | JL82: =SUM(JG82:JK82) -> 0 | JO82: =SUM(JM82:JN82) -> 0 | KG82: =SUM(JP82:KF82) -> 0 | KY82: =SUM(KH82:KX82) -> 0
A83: P | B83: 31004 | C83: Parroquia Santa Clara | N83: =SUM(D83:M83) -> 0 | Y83: =SUM(O83:X83) -> 0 | Z83: =IFERROR(O83/D83,0) -> 0 | AA83: =IFERROR(P83/E83,0) -> 0 | AB83: =IFERROR(Q83/F83,0) -> 0 | AC83: =IFERROR(R83/G83,0) -> 0 | AD83: =IFERROR(S83/H83,0) -> 0 | AE83: =IFERROR(T83/I83,0) -> 0 | AF83: =IFERROR(U83/J83,0) -> 0 | AG83: =IFERROR(V83/K83,0) -> 0 | ... AJ83: =IFERROR(Y83/N83,0) -> 0 | AT83: =SUM(AL83:AS83) -> 0 | BU83: =SUM(AU83:BT83) -> 0 | BY83: =SUM(BV83:BX83) -> 0 | DC83: =SUM(BZ83:DB83) -> 0 | DF83: =SUM(DD83:DE83) -> 0 | EJ83: =SUM(EC83:ED83,DX83:DY83,DS83:DT83,DN83:DO83,DI83:DJ83,EI83,) -> 0 | EK83: =SUM(EE83:EH83,DZ83:EB83,DU83:DW83,DP83:DR83,DK83:DM83,DG83:DH83) -> 0 | EO83: =SUM(EL83:EN83) -> 0 | EY83: =SUM(EP83:EX83) -> 0 | FH83: =SUM(EZ83:FG83) -> 0 | FS83: =SUM(FI83:FR83) -> 0 | GQ83: =SUM(FT83:GP83) -> 0 | GS83: =SUM(GR83) -> 0 | HS83: =SUM(GT83:HR83) -> 0 | HV83: =SUM(HT83:HU83) -> 0 | IC83: =SUM(HW83:IB83) -> 0 | IN83: =SUM(ID83:IM83) -> 0 | IO83: =SUM(AT83,BU83,BY83,DC83,DF83,EK83,EO83,EY83,FH83,FS83,GQ83,GS83,HS83,HV83,IC83,IN83,EJ83) -> 0 | JD83: =SUM(IP83,IR83,IT83,IZ83,JB83,IX83,IV83) -> 0 | JE83: =SUM(IQ83,IS83,IU83,JA83,JC83,IY83,IW83) -> 0 | JF83: =SUM(JD83:JE83) -> 0 | JL83: =SUM(JG83:JK83) -> 0 | JO83: =SUM(JM83:JN83) -> 0 | KG83: =SUM(JP83:KF83) -> 0 | KY83: =SUM(KH83:KX83) -> 0
A84: P | B84: 31005 | C84: Parroquia Uverito | N84: =SUM(D84:M84) -> 0 | Y84: =SUM(O84:X84) -> 0 | Z84: =IFERROR(O84/D84,0) -> 0 | AA84: =IFERROR(P84/E84,0) -> 0 | AB84: =IFERROR(Q84/F84,0) -> 0 | AC84: =IFERROR(R84/G84,0) -> 0 | AD84: =IFERROR(S84/H84,0) -> 0 | AE84: =IFERROR(T84/I84,0) -> 0 | AF84: =IFERROR(U84/J84,0) -> 0 | AG84: =IFERROR(V84/K84,0) -> 0 | ... AJ84: =IFERROR(Y84/N84,0) -> 0 | AT84: =SUM(AL84:AS84) -> 0 | BU84: =SUM(AU84:BT84) -> 0 | BY84: =SUM(BV84:BX84) -> 0 | DC84: =SUM(BZ84:DB84) -> 0 | DF84: =SUM(DD84:DE84) -> 0 | EJ84: =SUM(EC84:ED84,DX84:DY84,DS84:DT84,DN84:DO84,DI84:DJ84,EI84,) -> 0 | EK84: =SUM(EE84:EH84,DZ84:EB84,DU84:DW84,DP84:DR84,DK84:DM84,DG84:DH84) -> 0 | EO84: =SUM(EL84:EN84) -> 0 | EY84: =SUM(EP84:EX84) -> 0 | FH84: =SUM(EZ84:FG84) -> 0 | FS84: =SUM(FI84:FR84) -> 0 | GQ84: =SUM(FT84:GP84) -> 0 | GS84: =SUM(GR84) -> 0 | HS84: =SUM(GT84:HR84) -> 0 | HV84: =SUM(HT84:HU84) -> 0 | IC84: =SUM(HW84:IB84) -> 0 | IN84: =SUM(ID84:IM84) -> 0 | IO84: =SUM(AT84,BU84,BY84,DC84,DF84,EK84,EO84,EY84,FH84,FS84,GQ84,GS84,HS84,HV84,IC84,IN84,EJ84) -> 0 | JD84: =SUM(IP84,IR84,IT84,IZ84,JB84,IX84,IV84) -> 0 | JE84: =SUM(IQ84,IS84,IU84,JA84,JC84,IY84,IW84) -> 0 | JF84: =SUM(JD84:JE84) -> 0 | JL84: =SUM(JG84:JK84) -> 0 | JO84: =SUM(JM84:JN84) -> 0 | KG84: =SUM(JP84:KF84) -> 0 | KY84: =SUM(KH84:KX84) -> 0
A85: P | B85: 31006 | C85: Parroquia Zuata | N85: =SUM(D85:M85) -> 0 | Y85: =SUM(O85:X85) -> 0 | Z85: =IFERROR(O85/D85,0) -> 0 | AA85: =IFERROR(P85/E85,0) -> 0 | AB85: =IFERROR(Q85/F85,0) -> 0 | AC85: =IFERROR(R85/G85,0) -> 0 | AD85: =IFERROR(S85/H85,0) -> 0 | AE85: =IFERROR(T85/I85,0) -> 0 | AF85: =IFERROR(U85/J85,0) -> 0 | AG85: =IFERROR(V85/K85,0) -> 0 | ... AJ85: =IFERROR(Y85/N85,0) -> 0 | AT85: =SUM(AL85:AS85) -> 0 | BU85: =SUM(AU85:BT85) -> 0 | BY85: =SUM(BV85:BX85) -> 0 | DC85: =SUM(BZ85:DB85) -> 0 | DF85: =SUM(DD85:DE85) -> 0 | EJ85: =SUM(EC85:ED85,DX85:DY85,DS85:DT85,DN85:DO85,DI85:DJ85,EI85,) -> 0 | EK85: =SUM(EE85:EH85,DZ85:EB85,DU85:DW85,DP85:DR85,DK85:DM85,DG85:DH85) -> 0 | EO85: =SUM(EL85:EN85) -> 0 | EY85: =SUM(EP85:EX85) -> 0 | FH85: =SUM(EZ85:FG85) -> 0 | FS85: =SUM(FI85:FR85) -> 0 | GQ85: =SUM(FT85:GP85) -> 0 | GS85: =SUM(GR85) -> 0 | HS85: =SUM(GT85:HR85) -> 0 | HV85: =SUM(HT85:HU85) -> 0 | IC85: =SUM(HW85:IB85) -> 0 | IN85: =SUM(ID85:IM85) -> 0 | IO85: =SUM(AT85,BU85,BY85,DC85,DF85,EK85,EO85,EY85,FH85,FS85,GQ85,GS85,HS85,HV85,IC85,IN85,EJ85) -> 0 | JD85: =SUM(IP85,IR85,IT85,IZ85,JB85,IX85,IV85) -> 0 | JE85: =SUM(IQ85,IS85,IU85,JA85,JC85,IY85,IW85) -> 0 | JF85: =SUM(JD85:JE85) -> 0 | JL85: =SUM(JG85:JK85) -> 0 | JO85: =SUM(JM85:JN85) -> 0 | KG85: =SUM(JP85:KF85) -> 0 | KY85: =SUM(KH85:KX85) -> 0

Sheet FEBRERO
D1: PUESTOS DE VACUNACIÓN ACTIVOS | O1: PUESTOS DE VACUNACIÓN QUE NOTIFICARON | Z1: PORCENTAJE DE PUESTOS DE VACUNACIÓN NOTIFICANTES | KH1: POBLACIÓN INDÍGENA | KM1: POBLACIÓN INDÍGENA | KR1: POBLACIÓN INDÍGENA
D2: CP1 | E2: CP2 | F2: CP3 | G2: HOSPITAL | H2: CDI | I2: IVSS | J2: I.P.A.S.M.E | K2: SANIDAD MILITAR | L2: PRIVADO | M2: OTROS | N2: N° PUESTOS DE VACUNACIÓN ACTIVOS | O2: CP1 | P2: CP2 | Q2: CP3 | R2: HOSPITAL | S2: CDI | T2: IVSS | U2: I.P.A.S.M.E | V2: SANIDAD MILITAR | W2: PRIVADO | X2: OTROS | Y2: N° PUESTOS DE VACUNACIÓN NOTIFICANTES | Z2: CP1 | AA2: CP2 | AB2: CP3 | AC2: HOSPITAL | AD2: CDI | AE2: IVSS | AF2: I.P.A.S.M.E | AG2: SANIDAD MILITAR | AH2: PRIVADO | AI2: OTROS | AJ2: % PUESTOS DE VACUNACIÓN NOTIFICANTES | AK2: NACIDOS VIVOS REPORTADOS | AL2: BCG | AU2: HEPATITIS B | BA2: HEPATITIS B | BE2: HEPATITIS B | BI2: HEPATITIS B | BM2: HEPATITIS B | BQ2: HEPATITIS B | BV2: ROTAVIRUS | BZ2: PENTA VALENTE | CC2: PENTA VALENTE | CG2: PENTA VALENTE | CK2: PENTA VALENTE | CO2: PENTA VALENTE | CS2: PENTA VALENTE | CX2: PENTA VALENTE | DD2: POLIO INACTIVA | DG2: POLIO ORAL | DI2: POLIO | DN2: POLIO | DS2: POLIO | DX2: POLIO | EC2: POLIO | EL2: NEUMOCOCO CONJUGADA | EP2: INFLUENZA ESTACIONAL | EZ2: FIEBRE AMARILLA | FI2: SRP | FT2: SR | GJ2: SRP / SR | GQ2: TOTAL | GR2: VPH | GT2: TOXOIDE TETÁNICO DIFTÉRICO | HD2: TOXOIDE TETÁNICO DIFTÉRICO | HM2: TOXOIDE TETÁNICO DIFTÉRICO | HT2: NEUMOCOCO POLISACARIDA | HW2: MENINGOCÓCICA B-C | ID2: RABIA HUMANA | IO2: TOTAL DOSIS ADMINISTRADAS | IP2: PERSONAS VACUNADAS SEGÚN GRUPO DE EDAD Y SEXO | JD2: TOTAL POR SEXO | JF2: TOTAL PERSONAS VACUNADAS SEGÚN GRUPO DE EDAD Y SEXO | JG2: VIAJEROS INTERNACIONALES VACUNADOS SEGÚN BIOLÓGICO | JL2: TOTAL DE VIAJEROS INTERNACINNALES VACUNADOS SEGÚN BIOLÓGICO | JM2: CERTIFICADOS DE FIEBRE AMARILLA | JO2: TOTAL DE CERTIFICADOS INTERNACIONALES | JP2: DOSIS PERDIDAS | KG2: TOTAL DOSIS PERDIDAS | KH2: BCG | KI2: HEPATITIS B | KJ2: HEPATITIS B (Ped) | KK2: ROTAVIRUS | KL2: PENTA VALENTE | KM2: POLIO INACTIVA | KN2: POLIO ORAL | KO2: NEUMOCOCO CONJUGADA | KP2: INFLUENZA ESTACIONAL | KQ2: FIEBRE AMARILLA | KR2: SRP | KS2: SR | KT2: TOXOIDE TETÁNICO DIFTÉRICO | KU2: NEUMOCOCO POLISACÁRIDA | KV2: MENINGOCÓCICA B-C | KW2: RABIA HUMANA | KX2: VPH | KY2: TOTAL DOSIS ADMINISTRADAS | KZ2: TOTAL PERSONAS VACUNADAS (POBLACIÓN INDIGENA) | LA2: SUERO ANTIRRÁBICO HUMANO | LM2: SUERO ANTIOFÍDICO POLIVALENTE | LR2: SUERO ANTITETÁNICO | LX2: SUERO ANTIESCORPIÓNICO | MB2: ANTITOXINA DIFTÉRICA | ME2: SUERO ANTIHEPATITIS B | MI2: PPD
AT3: TOTAL | AU3: HEPATITIS B (PEDIATRICA) | AW3: PERSONAL DE SALUD | BA3: PACIENTES EN DIÁLISIS | BE3: PRIVADOS DE LIBERTAD | BI3: TRABAJADORES SEXUALES | BM3: EMBARAZADAS | BU3: TOTAL | BY3: TOTAL | DC3: TOTAL | DF3: TOTAL | DI3: 1 A. | DN3: 2 A. | DS3: 3 A. | DX3: 4 A. | EC3: 5 A. | EI3: IPV | EJ3: TOTAL IPV | EK3: TOTAL bOPV | EO3: TOTAL | ET3: E. CRÓNICOS | EU3: PERS. SALUD | EV3: EMBARAZADAS | EW3: A. MAYORES | EX3: PER. ESENCIAL | EY3: TOTAL | FH3: TOTAL | FS3: TOTAL | FT3: DOSIS PLAN NACIONAL DE VACUNACIÓN | GR3: FEMENINAS | GS3: TOTAL | GV3: ESCOLARES | GX3: MUJERES EN EDAD FERTIL | HD3: EMBARAZADAS | HG3: HOMBRES | HS3: TOTAL | HT3: ADULTOS MAYORES | HV3: TOTAL | HW3: PERSONAL DE SALUD | HY3: CONTINGENTES MILITARES | IA3: CONTENCIÓN DE BROTES | IC3: TOTAL | IN3: TOTAL | JP3: BCG | JQ3: HEPATITIS B | JR3: HEPATITIS B (Ped) | JS3: ROTAVIRUS | JT3: PENTA VALENTE | JU3: POLIO INACTIVA | JV3: POLIO ORAL | JW3: NEUMOCOCO 13 VALENTE | JX3: INFLUENZA ESTACIONAL | JY3: FIEBRE AMARILLA | JZ3: SRP | KA3: SR | KB3: TOXOIDE TETÁNICO DIFTÉRICO | KC3: NEUMOCOCO23 VALENTE | KD3: MENINGOCÓCICA B-C | KE3: RABIA HUMANA | KF3: VPH | LA3: N° PERSONAS MORDIDAS | LB3: N° PERSONAS TRATADAS | LC3: N° PERSONAS HOSPITALIZADAS | LD3: N° PERSONAS CON TRATAMIENTO AMBULATORIO | LE3: N° TRATAMIENTOS ADMINISTRADOS | LI3: N° AMPOLLAS DE SUEROS ADMINISTRADOS | LM3: N° PERSONAS MORDIDAS | LN3: N° PERSONAS HOSPITALIZADAS | LO3: N° PERSONAS CON TRATAMIENTO AMBULATORIO | LP3: N° TRATAMIENTOS ADMINISTRADOS | LQ3: N° VIALES ADMINISTRADOS | LR3: N° CASOS DE TÉTANOS REPORTADOS | LS3: N° PERSONAS HOSPITALIZADAS | LT3: N° PERSONAS CON TRATAMIENTO AMBULATORIO | LU3: N° AMPOLLAS ADMINISTRADAS | LX3: N° EMPONZOÑAMIENTOS | LY3: N° PERSONAS HOSPITALIZADAS | LZ3: N° PERSONAS CON TRATAMIENTO AMBULATORIO | MA3: N° AMPOLLAS ADMINISTRADAS | MB3: N° AMPOLLAS ADMINISTRADAS | MC3: N° PERSONAS HOSPITALIZADAS | MD3: N° PERSONAS CON TRATAMIENTO AMBULATORIO | ME3: N° CASOS SOSPECHOSOS | MF3: N° AMPOLLAS ADMINISTRADAS | MG3: N° PERSONAS HOSPITALIZADA | MH3: N° PERSONAS CON TRATAMIENTO AMBULATORIO | MI3: N° CASOS SOSPECHOSOS | MJ3: N° PERSONAS HOSPITALIZADAS | MK3: N° PERSONAS CON TRATAMIENTO AMBULATORIO | ML3: N° DOSIS ADMINISTRADAS | MM3: N° LECTURAS POSITIVAS
AL4: < 28 D. | AM4: ≥ 28 D. - 11 M. | AN4: 1 A. | AO4: 2 A. | AP4: 3 A. | AQ4: 4 A. | AR4: 5 A. | AS4: 6 - 7 A. | AU4: ≤ 24 H. | AV4: 1 - 7 D. | BQ4: 6 - 49 A. | BV4: < 1 A. | BZ4: < 1 A. | CC4: 1 A. | CG4: 2 A. | CK4: 3 A. | CO4: 4 A. | CS4: 5 A. | CX4: 6 A. | DD4: < 1A. | DG4: < 1A. | DI4: POLIO INACTIVA | DK4: POLIO ORAL | DN4: POLIO INACTIVA | DP4: POLIO ORAL | DS4: POLIO INACTIVA | DU4: POLIO ORAL | DX4: POLIO INACTIVA | DZ4: POLIO ORAL | EC4: POLIO INACTIVA | EE4: POLIO ORAL | EI4: 6 A 8 AÑOS | EL4: < 1 A. | EN4: 1 A. | EP4: 6 - 11 M. | ER4: 1 A. | EW4: ≥ 60A. | EZ4: 1 A. | FA4: 2 A. | FB4: 3 A. | FC4: 4 A. | FD4: 5 A. | FE4: 6 - 9 A. | FF4: 10 - 14 A. | FG4: 15 - 59 A. | FI4: 1 A. | FK4: 2 A. | FM4: 3 A. | FO4: 4 A. | FQ4: 5 A. | FT4: 6-11 M. | FU4: 1AÑO | FX4: 2AÑOS | GA4: 3 AÑOS | GD4: 4 AÑOS | GG4: 5 AÑOS | GJ4: 6 A. | GM4: 7 - 9 A. | GN4: 10 A. | GO4: 11 - 15 A. | GP4: 16 - 29 A. | GR4: 10 A. | GT4: 7 - 9 A. | GV4: 10 A. FEME. | GW4: 10 A. MASC. | GX4: 11 - 49 A. | HG4: 11 - 49 A. | HM4: ≥ 50 A. | HT4: ≥ 60 A. | ID4: PRE EXPOSICIÓN | IG4: POST EXPOSICIÓN | IP4: < 1A. | IR4: 1 A. | IT4: 2 A. | IV4: 3 A. | IX4: 4 A. | IZ4: 5 A. | JB4: ≥ 6 A. | JG4: POLIO INAC. | JH4: FIEBRE AMARILLA | JI4: SRP / SR | JJ4: TOXOIDE | JK4: MENING. B-C | JM4: CERTIFICADOS ELABORADOS | JN4: CERTIFICADOS ANULADOS | LE4: COMPLETOS | LG4: INCOMPLETOS
AL5: DU | AM5: DU | AS5: DU | AU5: DU | AV5: DU | AW5: 1D | AX5: 2D | AY5: 3D | AZ5: DA | BA5: 1D | BB5: 2D | BC5: 3D | BD5: DA | BE5: 1D | BF5: 2D | BG5: 3D | BH5: DA | BI5: 1D | BJ5: 2D | BK5: 3D | BL5: DA | BM5: 1D | BN5: 2D | BO5: 3D | BP5: DA | BQ5: 1D | BR5: 2D | BS5: 3D | BT5: DA | BV5: 1D | BW5: 2D | BX5: 3D | BZ5: 1D | CA5: 2D | CB5: 3D | CC5: 1D | CD5: 2D | CE5: 3D | CF5: 1REF | CG5: 1D | CH5: 2D | CI5: 3D | CJ5: 1REF | CK5: 1D | CL5: 2D | CM5: 3D | CN5: 1REF | CO5: 1D | CP5: 2D | CQ5: 3D | CR5: 1REF | CS5: 1D | CT5: 2D | CU5: 3D | CV5: 1REF | CW5: 2REF | CX5: 1D | CY5: 2D | CZ5: 3D | DA5: 1REF | DB5: 2REF | DD5: 1D | DE5: 2D | DG5: 3D | DH5: DA | DI5: 1D | DJ5: 2D | DK5: 3D | DL5: 1REF | DM5: DA | DN5: 1D | DO5: 2D | DP5: 3D | DQ5: 1REF | DR5: DA | DS5: 1D | DT5: 2D | DU5: 3D | DV5: 1REF | DW5: DA | DX5: 1D | DY5: 2D | DZ5: 3D | EA5: 1REF | EB5: DA | EC5: 1D | ED5: 2D | EE5: 3D | EF5: 1REF | EG5: 2REF | EH5: DA | EI5: DA | EL5: 1D | EM5: 2D | EN5: 1REF | EP5: 1D | EQ5: 2D | ER5: 1D | ES5: 2D | ET5: DE | EU5: DE | EV5: DE | EW5: DE | EX5: DE | EZ5: DU | FA5: DU | FB5: DU | FC5: DU | FD5: DU | FE5: DU | FF5: DU | FG5: DU | FI5: 1D | FJ5: 2D | FK5: 1D | FL5: 2D | FM5: 1D | FN5: 2D | FO5: 1D | FP5: 2D | FQ5: 1D | FR5: 2D | FT5: DA | FU5: 1D | FV5: 2D | FW5: DA | FX5: 1D | FY5: 2D | FZ5: DA | GA5: 1D | GB5: 2D | GC5: DA | GD5: 1D | GE5: 2D | GF5: DA | GG5: 1D | GH5: 2D | GI5: DA | GJ5: 1D | GK5: 2D | GL5: DA | GM5: DA | GN5: DA | GO5: DA | GP5: DA | GR5: 1D | GT5: 1D | GU5: 2D | GV5: REF | GW5: REF | GX5: 1D | GY5: 2D | GZ5: 3D | HA5: 4D | HB5: 5D | HC5: DA | HD5: 1D | HE5: 2D | HF5: DA | HG5: 1D | HH5: 2D | HI5: 3D | HJ5: 4D | HK5: 5D | HL5: DA | HM5: 1D | HN5: 2D | HO5: 3D | HP5: 4D | HQ5: 5D | HR5: DA | HT5: 1D | HU5: 1REF | HW5: 1D | HX5: 2D | HY5: 1D | HZ5: 2D | IA5: 1D | IB5: 2D | ID5: 1D | IE5: 2D | IF5: 1REF | IG5: 1D | IH5: 2D | II5: 3D | IJ5: 4D | IK5: 5D | IL5: 6D | IM5: 7D | IP5: M | IQ5: F | IR5: M | IS5: F | IT5: M | IU5: F | IV5: M | IW5: F | IX5: M | IY5: F | IZ5: M | JA5: F | JB5: M | JC5: F | JD5: M | JE5: F | LE5: CON SUERO | LF5: SIN SUERO | LG5: NORMA E. | LH5: ABANDONO | LI5: 1.500 UI | LJ5: 1.000 UI | LK5: 500 UI | LL5: 300 UI | LU5: 1.500 UI | LV5: 3.000 UI | LW5: Ig ANTITETÁNICA
A6: E | B6: 30000 | C6: ANZOÁTEGUI | D6: =SUM(D7,D10,D13,D20,D23,D27,D30,D34,D37,D40,D44,D47,D50,D53,D56,D61,D65,D68,D70,D73,D79) -> 0 | E6: =SUM(E7,E10,E13,E20,E23,E27,E30,E34,E37,E40,E44,E47,E50,E53,E56,E61,E65,E68,E70,E73,E79) -> 0 | F6: =SUM(F7,F10,F13,F20,F23,F27,F30,F34,F37,F40,F44,F47,F50,F53,F56,F61,F65,F68,F70,F73,F79) -> 0 | G6: =SUM(G7,G10,G13,G20,G23,G27,G30,G34,G37,G40,G44,G47,G50,G53,G56,G61,G65,G68,G70,G73,G79) -> 0 | H6: =SUM(H7,H10,H13,H20,H23,H27,H30,H34,H37,H40,H44,H47,H50,H53,H56,H61,H65,H68,H70,H73,H79) -> 0 | I6: =SUM(I7,I10,I13,I20,I23,I27,I30,I34,I37,I40,I44,I47,I50,I53,I56,I61,I65,I68,I70,I73,I79) -> 0 | J6: =SUM(J7,J10,J13,J20,J23,J27,J30,J34,J37,J40,J44,J47,J50,J53,J56,J61,J65,J68,J70,J73,J79) -> 0 | K6: =SUM(K7,K10,K13,K20,K23,K27,K30,K34,K37,K40,K44,K47,K50,K53,K56,K61,K65,K68,K70,K73,K79) -> 0 | ... Y6: =SUM(Y7,Y10,Y13,Y20,Y23,Y27,Y30,Y34,Y37,Y40,Y44,Y47,Y50,Y53,Y56,Y61,Y65,Y68,Y70,Y73,Y79) -> 0 | Z6: =IFERROR(O6/D6,0) -> 0 | AA6: =IFERROR(P6/E6,0) -> 0 | AB6: =IFERROR(Q6/F6,0) -> 0 | AC6: =IFERROR(R6/G6,0) -> 0 | AD6: =IFERROR(S6/H6,0) -> 0 | AE6: =IFERROR(T6/I6,0) -> 0 | AF6: =IFERROR(U6/J6,0) -> 0 | AG6: =IFERROR(V6/K6,0) -> 0 | ... AJ6: =IFERROR(Y6/N6,0) -> 0 | AK6: =SUM(AK7,AK10,AK13,AK20,AK23,AK27,AK30,AK34,AK37,AK40,AK44,AK47,AK50,AK53,AK56,AK61,AK65,AK68,AK70,AK73,AK79) -> 0 | AL6: =SUM(AL7,AL10,AL13,AL20,AL23,AL27,AL30,AL34,AL37,AL40,AL44,AL47,AL50,AL53,AL56,AL61,AL65,AL68,AL70,AL73,AL79) -> 0 | AM6: =SUM(AM7,AM10,AM13,AM20,AM23,AM27,AM30,AM34,AM37,AM40,AM44,AM47,AM50,AM53,AM56,AM61,AM65,AM68,AM70,AM73,AM79) -> 0 | AN6: =SUM(AN7,AN10,AN13,AN20,AN23,AN27,AN30,AN34,AN37,AN40,AN44,AN47,AN50,AN53,AN56,AN61,AN65,AN68,AN70,AN73,AN79) -> 0 | AO6: =SUM(AO7,AO10,AO13,AO20,AO23,AO27,AO30,AO34,AO37,AO40,AO44,AO47,AO50,AO53,AO56,AO61,AO65,AO68,AO70,AO73,AO79) -> 0 | AP6: =SUM(AP7,AP10,AP13,AP20,AP23,AP27,AP30,AP34,AP37,AP40,AP44,AP47,AP50,AP53,AP56,AP61,AP65,AP68,AP70,AP73,AP79) -> 0 | AQ6: =SUM(AQ7,AQ10,AQ13,AQ20,AQ23,AQ27,AQ30,AQ34,AQ37,AQ40,AQ44,AQ47,AQ50,AQ53,AQ56,AQ61,AQ65,AQ68,AQ70,AQ73,AQ79) -> 0 | AR6: =SUM(AR7,AR10,AR13,AR20,AR23,AR27,AR30,AR34,AR37,AR40,AR44,AR47,AR50,AR53,AR56,AR61,AR65,AR68,AR70,AR73,AR79) -> 0 | ... EX6: =SUM(EX7,EX10,EX13,EX20,EX23,EX27,EX30,EX34,EX37,EX40,EX44,EX47,EX50,EX53,EX56,EX61,EX65,EX68,EX70,EX73,EX79) -> 0 | EY6: =SUM(EP6:EX6) -> 0 | EZ6: =SUM(EZ7,EZ10,EZ13,EZ20,EZ23,EZ27,EZ30,EZ34,EZ37,EZ40,EZ44,EZ47,EZ50,EZ53,EZ56,EZ61,EZ65,EZ68,EZ70,EZ73,EZ79) -> 0 | FA6: =SUM(FA7,FA10,FA13,FA20,FA23,FA27,FA30,FA34,FA37,FA40,FA44,FA47,FA50,FA53,FA56,FA61,FA65,FA68,FA70,FA73,FA79) -> 0 | FB6: =SUM(FB7,FB10,FB13,FB20,FB23,FB27,FB30,FB34,FB37,FB40,FB44,FB47,FB50,FB53,FB56,FB61,FB65,FB68,FB70,FB73,FB79) -> 0 | FC6: =SUM(FC7,FC10,FC13,FC20,FC23,FC27,FC30,FC34,FC37,FC40,FC44,FC47,FC50,FC53,FC56,FC61,FC65,FC68,FC70,FC73,FC79) -> 0 | FD6: =SUM(FD7,FD10,FD13,FD20,FD23,FD27,FD30,FD34,FD37,FD40,FD44,FD47,FD50,FD53,FD56,FD61,FD65,FD68,FD70,FD73,FD79) -> 0 | FE6: =SUM(FE7,FE10,FE13,FE20,FE23,FE27,FE30,FE34,FE37,FE40,FE44,FE47,FE50,FE53,FE56,FE61,FE65,FE68,FE70,FE73,FE79) -> 0 | FF6: =SUM(FF7,FF10,FF13,FF20,FF23,FF27,FF30,FF34,FF37,FF40,FF44,FF47,FF50,FF53,FF56,FF61,FF65,FF68,FF70,FF73,FF79) -> 0 | FG6: =SUM(FG7,FG10,FG13,FG20,FG23,FG27,FG30,FG34,FG37,FG40,FG44,FG47,FG50,FG53,FG56,FG61,FG65,FG68,FG70,FG73,FG79) -> 0 | ... GP6: =SUM(GP7,GP10,GP13,GP20,GP23,GP27,GP30,GP34,GP37,GP40,GP44,GP47,GP50,GP53,GP56,GP61,GP65,GP68,GP70,GP73,GP79) -> 0 | GQ6: =SUM(FT6:GP6) -> 0 | GR6: =SUM(GR7,GR10,GR13,GR20,GR23,GR27,GR30,GR34,GR37,GR40,GR44,GR47,GR50,GR53,GR56,GR61,GR65,GR68,GR70,GR73,GR79) -> 0 | GS6: =SUM(GS7,GS10,GS13,GS20,GS23,GS27,GS30,GS34,GS37,GS40,GS44,GS47,GS50,GS53,GS56,GS61,GS65,GS68,GS70,GS73,GS79) -> 0 | GT6: =SUM(GT7,GT10,GT13,GT20,GT23,GT27,GT30,GT34,GT37,GT40,GT44,GT47,GT50,GT53,GT56,GT61,GT65,GT68,GT70,GT73,GT79) -> 0 | GU6: =SUM(GU7,GU10,GU13,GU20,GU23,GU27,GU30,GU34,GU37,GU40,GU44,GU47,GU50,GU53,GU56,GU61,GU65,GU68,GU70,GU73,GU79) -> 0 | GV6: =SUM(GV7,GV10,GV13,GV20,GV23,GV27,GV30,GV34,GV37,GV40,GV44,GV47,GV50,GV53,GV56,GV61,GV65,GV68,GV70,GV73,GV79) -> 0 | GW6: =SUM(GW7,GW10,GW13,GW20,GW23,GW27,GW30,GW34,GW37,GW40,GW44,GW47,GW50,GW53,GW56,GW61,GW65,GW68,GW70,GW73,GW79) -> 0 | GX6: =SUM(GX7,GX10,GX13,GX20,GX23,GX27,GX30,GX34,GX37,GX40,GX44,GX47,GX50,GX53,GX56,GX61,GX65,GX68,GX70,GX73,GX79) -> 0 | GY6: =SUM(GY7,GY10,GY13,GY20,GY23,GY27,GY30,GY34,GY37,GY40,GY44,GY47,GY50,GY53,GY56,GY61,GY65,GY68,GY70,GY73,GY79) -> 0 | ... MM6: =SUM(MM7,MM10,MM13,MM20,MM23,MM27,MM30,MM34,MM37,MM40,MM44,MM47,MM50,MM53,MM56,MM61,MM65,MM68,MM70,MM73,MM79) -> 0
A7: M | B7: 30800 | C7: Municipio Juan Antonio Sotillo | D7: =SUM(D8:D9) -> 0 | E7: =SUM(E8:E9) -> 0 | F7: =SUM(F8:F9) -> 0 | G7: =SUM(G8:G9) -> 0 | H7: =SUM(H8:H9) -> 0 | I7: =SUM(I8:I9) -> 0 | J7: =SUM(J8:J9) -> 0 | K7: =SUM(K8:K9) -> 0 | ... Y7: =SUM(Y8:Y9) -> 0 | Z7: =IFERROR(O7/D7,0) -> 0 | AA7: =IFERROR(P7/E7,0) -> 0 | AB7: =IFERROR(Q7/F7,0) -> 0 | AC7: =IFERROR(R7/G7,0) -> 0 | AD7: =IFERROR(S7/H7,0) -> 0 | AE7: =IFERROR(T7/I7,0) -> 0 | AF7: =IFERROR(U7/J7,0) -> 0 | AG7: =IFERROR(V7/K7,0) -> 0 | ... AJ7: =IFERROR(Y7/N7,0) -> 0 | AK7: =SUM(AK8:AK9) -> 0 | AL7: =SUM(AL8:AL9) -> 0 | AM7: =SUM(AM8:AM9) -> 0 | AN7: =SUM(AN8:AN9) -> 0 | AO7: =SUM(AO8:AO9) -> 0 | AP7: =SUM(AP8:AP9) -> 0 | AQ7: =SUM(AQ8:AQ9) -> 0 | AR7: =SUM(AR8:AR9) -> 0 | ... EX7: =SUM(EX8:EX9) -> 0 | EY7: =SUM(EP7:EX7) -> 0 | EZ7: =SUM(EZ8:EZ9) -> 0 | FA7: =SUM(FA8:FA9) -> 0 | FB7: =SUM(FB8:FB9) -> 0 | FC7: =SUM(FC8:FC9) -> 0 | FD7: =SUM(FD8:FD9) -> 0 | FE7: =SUM(FE8:FE9) -> 0 | FF7: =SUM(FF8:FF9) -> 0 | FG7: =SUM(FG8:FG9) -> 0 | ... GP7: =SUM(GP8:GP9) -> 0 | GQ7: =SUM(FT7:GP7) -> 0 | GR7: =SUM(GR8:GR9) -> 0 | GS7: =SUM(GS8:GS9) -> 0 | GT7: =SUM(GT8:GT9) -> 0 | GU7: =SUM(GU8:GU9) -> 0 | GV7: =SUM(GV8:GV9) -> 0 | GW7: =SUM(GW8:GW9) -> 0 | GX7: =SUM(GX8:GX9) -> 0 | GY7: =SUM(GY8:GY9) -> 0 | ... MM7: =SUM(MM8:MM9) -> 0
A8: P | B8: 30801 | C8: Parroquia Capital Puerto La Cruz | N8: =SUM(D8:M8) -> 0 | Y8: =SUM(O8:X8) -> 0 | Z8: =IFERROR(O8/D8,0) -> 0 | AA8: =IFERROR(P8/E8,0) -> 0 | AB8: =IFERROR(Q8/F8,0) -> 0 | AC8: =IFERROR(R8/G8,0) -> 0 | AD8: =IFERROR(S8/H8,0) -> 0 | AE8: =IFERROR(T8/I8,0) -> 0 | AF8: =IFERROR(U8/J8,0) -> 0 | AG8: =IFERROR(V8/K8,0) -> 0 | ... AJ8: =IFERROR(Y8/N8,0) -> 0 | AT8: =SUM(AL8:AS8) -> 0 | BU8: =SUM(AU8:BT8) -> 0 | BY8: =SUM(BV8:BX8) -> 0 | DC8: =SUM(BZ8:DB8) -> 0 | DF8: =SUM(DD8:DE8) -> 0 | EJ8: =SUM(EC8:ED8,DX8:DY8,DS8:DT8,DN8:DO8,DI8:DJ8,EI8,) -> 0 | EK8: =SUM(EE8:EH8,DZ8:EB8,DU8:DW8,DP8:DR8,DK8:DM8,DG8:DH8) -> 0 | EO8: =SUM(EL8:EN8) -> 0 | EY8: =SUM(EP8:EX8) -> 0 | FH8: =SUM(EZ8:FG8) -> 0 | FS8: =SUM(FI8:FR8) -> 0 | GQ8: =SUM(FT8:GP8) -> 0 | GS8: =SUM(GR8) -> 0 | HS8: =SUM(GT8:HR8) -> 0 | HV8: =SUM(HT8:HU8) -> 0 | IC8: =SUM(HW8:IB8) -> 0 | IN8: =SUM(ID8:IM8) -> 0 | IO8: =SUM(AT8,BU8,BY8,DC8,DF8,EK8,EO8,EY8,FH8,FS8,GQ8,GS8,HS8,HV8,IC8,IN8,EJ8) -> 0 | JD8: =SUM(IP8,IR8,IT8,IZ8,JB8,IX8,IV8) -> 0 | JE8: =SUM(IQ8,IS8,IU8,JA8,JC8,IY8,IW8) -> 0 | JF8: =SUM(JD8:JE8) -> 0 | JL8: =SUM(JG8:JK8) -> 0 | JO8: =SUM(JM8:JN8) -> 0 | KG8: =SUM(JP8:KF8) -> 0 | KY8: =SUM(KH8:KX8) -> 0
A9: P | B9: 30802 | C9: Parroquia Pozuelos | N9: =SUM(D9:M9) -> 0 | Y9: =SUM(O9:X9) -> 0 | Z9: =IFERROR(O9/D9,0) -> 0 | AA9: =IFERROR(P9/E9,0) -> 0 | AB9: =IFERROR(Q9/F9,0) -> 0 | AC9: =IFERROR(R9/G9,0) -> 0 | AD9: =IFERROR(S9/H9,0) -> 0 | AE9: =IFERROR(T9/I9,0) -> 0 | AF9: =IFERROR(U9/J9,0) -> 0 | AG9: =IFERROR(V9/K9,0) -> 0 | ... AJ9: =IFERROR(Y9/N9,0) -> 0 | AT9: =SUM(AL9:AS9) -> 0 | BU9: =SUM(AU9:BT9) -> 0 | BY9: =SUM(BV9:BX9) -> 0 | DC9: =SUM(BZ9:DB9) -> 0 | DF9: =SUM(DD9:DE9) -> 0 | EJ9: =SUM(EC9:ED9,DX9:DY9,DS9:DT9,DN9:DO9,DI9:DJ9,EI9,) -> 0 | EK9: =SUM(EE9:EH9,DZ9:EB9,DU9:DW9,DP9:DR9,DK9:DM9,DG9:DH9) -> 0 | EO9: =SUM(EL9:EN9) -> 0 | EY9: =SUM(EP9:EX9) -> 0 | FH9: =SUM(EZ9:FG9) -> 0 | FS9: =SUM(FI9:FR9) -> 0 | GQ9: =SUM(FT9:GP9) -> 0 | GS9: =SUM(GR9) -> 0 | HS9: =SUM(GT9:HR9) -> 0 | HV9: =SUM(HT9:HU9) -> 0 | IC9: =SUM(HW9:IB9) -> 0 | IN9: =SUM(ID9:IM9) -> 0 | IO9: =SUM(AT9,BU9,BY9,DC9,DF9,EK9,EO9,EY9,FH9,FS9,GQ9,GS9,HS9,HV9,IC9,IN9,EJ9) -> 0 | JD9: =SUM(IP9,IR9,IT9,IZ9,JB9,IX9,IV9) -> 0 | JE9: =SUM(IQ9,IS9,IU9,JA9,JC9,IY9,IW9) -> 0 | JF9: =SUM(JD9:JE9) -> 0 | JL9: =SUM(JG9:JK9) -> 0 | JO9: =SUM(JM9:JN9) -> 0 | KG9: =SUM(JP9:KF9) -> 0 | KY9: =SUM(KH9:KX9) -> 0
A10: M | B10: 30600 | C10: Municipio Guanta | D10: =SUM(D11:D12) -> 0 | E10: =SUM(E11:E12) -> 0 | F10: =SUM(F11:F12) -> 0 | G10: =SUM(G11:G12) -> 0 | H10: =SUM(H11:H12) -> 0 | I10: =SUM(I11:I12) -> 0 | J10: =SUM(J11:J12) -> 0 | K10: =SUM(K11:K12) -> 0 | ... Y10: =SUM(Y11:Y12) -> 0 | Z10: =IFERROR(O10/D10,0) -> 0 | AA10: =IFERROR(P10/E10,0) -> 0 | AB10: =IFERROR(Q10/F10,0) -> 0 | AC10: =IFERROR(R10/G10,0) -> 0 | AD10: =IFERROR(S10/H10,0) -> 0 | AE10: =IFERROR(T10/I10,0) -> 0 | AF10: =IFERROR(U10/J10,0) -> 0 | AG10: =IFERROR(V10/K10,0) -> 0 | ... AJ10: =IFERROR(Y10/N10,0) -> 0 | AK10: =SUM(AK11:AK12) -> 0 | AL10: =SUM(AL11:AL12) -> 0 | AM10: =SUM(AM11:AM12) -> 0 | AN10: =SUM(AN11:AN12) -> 0 | AO10: =SUM(AO11:AO12) -> 0 | AP10: =SUM(AP11:AP12) -> 0 | AQ10: =SUM(AQ11:AQ12) -> 0 | AR10: =SUM(AR11:AR12) -> 0 | ... EX10: =SUM(EX11:EX12) -> 0 | EY10: =SUM(EP10:EX10) -> 0 | EZ10: =SUM(EZ11:EZ12) -> 0 | FA10: =SUM(FA11:FA12) -> 0 | FB10: =SUM(FB11:FB12) -> 0 | FC10: =SUM(FC11:FC12) -> 0 | FD10: =SUM(FD11:FD12) -> 0 | FE10: =SUM(FE11:FE12) -> 0 | FF10: =SUM(FF11:FF12) -> 0 | FG10: =SUM(FG11:FG12) -> 0 | ... GP10: =SUM(GP11:GP12) -> 0 | GQ10: =SUM(FT10:GP10) -> 0 | GR10: =SUM(GR11:GR12) -> 0 | GS10: =SUM(GS11:GS12) -> 0 | GT10: =SUM(GT11:GT12) -> 0 | GU10: =SUM(GU11:GU12) -> 0 | GV10: =SUM(GV11:GV12) -> 0 | GW10: =SUM(GW11:GW12) -> 0 | GX10: =SUM(GX11:GX12) -> 0 | GY10: =SUM(GY11:GY12) -> 0 | ... MM10: =SUM(MM11:MM12) -> 0
A11: P | B11: 30601 | C11: Parroquia Capital Guanta | N11: =SUM(D11:M11) -> 0 | Y11: =SUM(O11:X11) -> 0 | Z11: =IFERROR(O11/D11,0) -> 0 | AA11: =IFERROR(P11/E11,0) -> 0 | AB11: =IFERROR(Q11/F11,0) -> 0 | AC11: =IFERROR(R11/G11,0) -> 0 | AD11: =IFERROR(S11/H11,0) -> 0 | AE11: =IFERROR(T11/I11,0) -> 0 | AF11: =IFERROR(U11/J11,0) -> 0 | AG11: =IFERROR(V11/K11,0) -> 0 | ... AJ11: =IFERROR(Y11/N11,0) -> 0 | AT11: =SUM(AL11:AS11) -> 0 | BU11: =SUM(AU11:BT11) -> 0 | BY11: =SUM(BV11:BX11) -> 0 | DC11: =SUM(BZ11:DB11) -> 0 | DF11: =SUM(DD11:DE11) -> 0 | EJ11: =SUM(EC11:ED11,DX11:DY11,DS11:DT11,DN11:DO11,DI11:DJ11,EI11,) -> 0 | EK11: =SUM(EE11:EH11,DZ11:EB11,DU11:DW11,DP11:DR11,DK11:DM11,DG11:DH11) -> 0 | EO11: =SUM(EL11:EN11) -> 0 | EY11: =SUM(EP11:EX11) -> 0 | FH11: =SUM(EZ11:FG11) -> 0 | FS11: =SUM(FI11:FR11) -> 0 | GQ11: =SUM(FT11:GP11) -> 0 | GS11: =SUM(GR11) -> 0 | HS11: =SUM(GT11:HR11) -> 0 | HV11: =SUM(HT11:HU11) -> 0 | IC11: =SUM(HW11:IB11) -> 0 | IN11: =SUM(ID11:IM11) -> 0 | IO11: =SUM(AT11,BU11,BY11,DC11,DF11,EK11,EO11,EY11,FH11,FS11,GQ11,GS11,HS11,HV11,IC11,IN11,EJ11) -> 0 | JD11: =SUM(IP11,IR11,IT11,IZ11,JB11,IX11,IV11) -> 0 | JE11: =SUM(IQ11,IS11,IU11,JA11,JC11,IY11,IW11) -> 0 | JF11: =SUM(JD11:JE11) -> 0 | JL11: =SUM(JG11:JK11) -> 0 | JO11: =SUM(JM11:JN11) -> 0 | KG11: =SUM(JP11:KF11) -> 0 | KY11: =SUM(KH11:KX11) -> 0
A12: P | B12: 30602 | C12: Parroquia Chorrerón | N12: =SUM(D12:M12) -> 0 | Y12: =SUM(O12:X12) -> 0 | Z12: =IFERROR(O12/D12,0) -> 0 | AA12: =IFERROR(P12/E12,0) -> 0 | AB12: =IFERROR(Q12/F12,0) -> 0 | AC12: =IFERROR(R12/G12,0) -> 0 | AD12: =IFERROR(S12/H12,0) -> 0 | AE12: =IFERROR(T12/I12,0) -> 0 | AF12: =IFERROR(U12/J12,0) -> 0 | AG12: =IFERROR(V12/K12,0) -> 0 | ... AJ12: =IFERROR(Y12/N12,0) -> 0 | AT12: =SUM(AL12:AS12) -> 0 | BU12: =SUM(AU12:BT12) -> 0 | BY12: =SUM(BV12:BX12) -> 0 | DC12: =SUM(BZ12:DB12) -> 0 | DF12: =SUM(DD12:DE12) -> 0 | EJ12: =SUM(EC12:ED12,DX12:DY12,DS12:DT12,DN12:DO12,DI12:DJ12,EI12,) -> 0 | EK12: =SUM(EE12:EH12,DZ12:EB12,DU12:DW12,DP12:DR12,DK12:DM12,DG12:DH12) -> 0 | EO12: =SUM(EL12:EN12) -> 0 | EY12: =SUM(EP12:EX12) -> 0 | FH12: =SUM(EZ12:FG12) -> 0 | FS12: =SUM(FI12:FR12) -> 0 | GQ12: =SUM(FT12:GP12) -> 0 | GS12: =SUM(GR12) -> 0 | HS12: =SUM(GT12:HR12) -> 0 | HV12: =SUM(HT12:HU12) -> 0 | IC12: =SUM(HW12:IB12) -> 0 | IN12: =SUM(ID12:IM12) -> 0 | IO12: =SUM(AT12,BU12,BY12,DC12,DF12,EK12,EO12,EY12,FH12,FS12,GQ12,GS12,HS12,HV12,IC12,IN12,EJ12) -> 0 | JD12: =SUM(IP12,IR12,IT12,IZ12,JB12,IX12,IV12) -> 0 | JE12: =SUM(IQ12,IS12,IU12,JA12,JC12,IY12,IW12) -> 0 | JF12: =SUM(JD12:JE12) -> 0 | JL12: =SUM(JG12:JK12) -> 0 | JO12: =SUM(JM12:JN12) -> 0 | KG12: =SUM(JP12:KF12) -> 0 | KY12: =SUM(KH12:KX12) -> 0
A13: M | B13: 31800 | C13: Municipio Simón Bolívar | D13: =SUM(D14:D19) -> 0 | E13: =SUM(E14:E19) -> 0 | F13: =SUM(F14:F19) -> 0 | G13: =SUM(G14:G19) -> 0 | H13: =SUM(H14:H19) -> 0 | I13: =SUM(I14:I19) -> 0 | J13: =SUM(J14:J19) -> 0 | K13: =SUM(K14:K19) -> 0 | ... Y13: =SUM(Y14:Y19) -> 0 | Z13: =IFERROR(O13/D13,0) -> 0 | AA13: =IFERROR(P13/E13,0) -> 0 | AB13: =IFERROR(Q13/F13,0) -> 0 | AC13: =IFERROR(R13/G13,0) -> 0 | AD13: =IFERROR(S13/H13,0) -> 0 | AE13: =IFERROR(T13/I13,0) -> 0 | AF13: =IFERROR(U13/J13,0) -> 0 | AG13: =IFERROR(V13/K13,0) -> 0 | ... AJ13: =IFERROR(Y13/N13,0) -> 0 | AK13: =SUM(AK14:AK19) -> 0 | AL13: =SUM(AL14:AL19) -> 0 | AM13: =SUM(AM14:AM19) -> 0 | AN13: =SUM(AN14:AN19) -> 0 | AO13: =SUM(AO14:AO19) -> 0 | AP13: =SUM(AP14:AP19) -> 0 | AQ13: =SUM(AQ14:AQ19) -> 0 | AR13: =SUM(AR14:AR19) -> 0 | ... EX13: =SUM(EX14:EX19) -> 0 | EY13: =SUM(EP13:EX13) -> 0 | EZ13: =SUM(EZ14:EZ19) -> 0 | FA13: =SUM(FA14:FA19) -> 0 | FB13: =SUM(FB14:FB19) -> 0 | FC13: =SUM(FC14:FC19) -> 0 | FD13: =SUM(FD14:FD19) -> 0 | FE13: =SUM(FE14:FE19) -> 0 | FF13: =SUM(FF14:FF19) -> 0 | FG13: =SUM(FG14:FG19) -> 0 | ... GP13: =SUM(GP14:GP19) -> 0 | GQ13: =SUM(FT13:GP13) -> 0 | GR13: =SUM(GR14:GR19) -> 0 | GS13: =SUM(GS14:GS19) -> 0 | GT13: =SUM(GT14:GT19) -> 0 | GU13: =SUM(GU14:GU19) -> 0 | GV13: =SUM(GV14:GV19) -> 0 | GW13: =SUM(GW14:GW19) -> 0 | GX13: =SUM(GX14:GX19) -> 0 | GY13: =SUM(GY14:GY19) -> 0 | ... MM13: =SUM(MM14:MM19) -> 0
A14: P | B14: 31801 | C14: Parroquia El Carmen | N14: =SUM(D14:M14) -> 0 | Y14: =SUM(O14:X14) -> 0 | Z14: =IFERROR(O14/D14,0) -> 0 | AA14: =IFERROR(P14/E14,0) -> 0 | AB14: =IFERROR(Q14/F14,0) -> 0 | AC14: =IFERROR(R14/G14,0) -> 0 | AD14: =IFERROR(S14/H14,0) -> 0 | AE14: =IFERROR(T14/I14,0) -> 0 | AF14: =IFERROR(U14/J14,0) -> 0 | AG14: =IFERROR(V14/K14,0) -> 0 | ... AJ14: =IFERROR(Y14/N14,0) -> 0 | AT14: =SUM(AL14:AS14) -> 0 | BU14: =SUM(AU14:BT14) -> 0 | BY14: =SUM(BV14:BX14) -> 0 | DC14: =SUM(BZ14:DB14) -> 0 | DF14: =SUM(DD14:DE14) -> 0 | EJ14: =SUM(EC14:ED14,DX14:DY14,DS14:DT14,DN14:DO14,DI14:DJ14,EI14,) -> 0 | EK14: =SUM(EE14:EH14,DZ14:EB14,DU14:DW14,DP14:DR14,DK14:DM14,DG14:DH14) -> 0 | EO14: =SUM(EL14:EN14) -> 0 | EY14: =SUM(EP14:EX14) -> 0 | FH14: =SUM(EZ14:FG14) -> 0 | FS14: =SUM(FI14:FR14) -> 0 | GQ14: =SUM(FT14:GP14) -> 0 | GS14: =SUM(GR14) -> 0 | HS14: =SUM(GT14:HR14) -> 0 | HV14: =SUM(HT14:HU14) -> 0 | IC14: =SUM(HW14:IB14) -> 0 | IN14: =SUM(ID14:IM14) -> 0 | IO14: =SUM(AT14,BU14,BY14,DC14,DF14,EK14,EO14,EY14,FH14,FS14,GQ14,GS14,HS14,HV14,IC14,IN14,EJ14) -> 0 | JD14: =SUM(IP14,IR14,IT14,IZ14,JB14,IX14,IV14) -> 0 | JE14: =SUM(IQ14,IS14,IU14,JA14,JC14,IY14,IW14) -> 0 | JF14: =SUM(JD14:JE14) -> 0 | JL14: =SUM(JG14:JK14) -> 0 | JO14: =SUM(JM14:JN14) -> 0 | KG14: =SUM(JP14:KF14) -> 0 | KY14: =SUM(KH14:KX14) -> 0
A15: P | B15: 31802 | C15: Parroquia San Cristóbal | N15: =SUM(D15:M15) -> 0 | Y15: =SUM(O15:X15) -> 0 | Z15: =IFERROR(O15/D15,0) -> 0 | AA15: =IFERROR(P15/E15,0) -> 0 | AB15: =IFERROR(Q15/F15,0) -> 0 | AC15: =IFERROR(R15/G15,0) -> 0 | AD15: =IFERROR(S15/H15,0) -> 0 | AE15: =IFERROR(T15/I15,0) -> 0 | AF15: =IFERROR(U15/J15,0) -> 0 | AG15: =IFERROR(V15/K15,0) -> 0 | ... AJ15: =IFERROR(Y15/N15,0) -> 0 | AT15: =SUM(AL15:AS15) -> 0 | BU15: =SUM(AU15:BT15) -> 0 | BY15: =SUM(BV15:BX15) -> 0 | DC15: =SUM(BZ15:DB15) -> 0 | DF15: =SUM(DD15:DE15) -> 0 | EJ15: =SUM(EC15:ED15,DX15:DY15,DS15:DT15,DN15:DO15,DI15:DJ15,EI15,) -> 0 | EK15: =SUM(EE15:EH15,DZ15:EB15,DU15:DW15,DP15:DR15,DK15:DM15,DG15:DH15) -> 0 | EO15: =SUM(EL15:EN15) -> 0 | EY15: =SUM(EP15:EX15) -> 0 | FH15: =SUM(EZ15:FG15) -> 0 | FS15: =SUM(FI15:FR15) -> 0 | GQ15: =SUM(FT15:GP15) -> 0 | GS15: =SUM(GR15) -> 0 | HS15: =SUM(GT15:HR15) -> 0 | HV15: =SUM(HT15:HU15) -> 0 | IC15: =SUM(HW15:IB15) -> 0 | IN15: =SUM(ID15:IM15) -> 0 | IO15: =SUM(AT15,BU15,BY15,DC15,DF15,EK15,EO15,EY15,FH15,FS15,GQ15,GS15,HS15,HV15,IC15,IN15,EJ15) -> 0 | JD15: =SUM(IP15,IR15,IT15,IZ15,JB15,IX15,IV15) -> 0 | JE15: =SUM(IQ15,IS15,IU15,JA15,JC15,IY15,IW15) -> 0 | JF15: =SUM(JD15:JE15) -> 0 | JL15: =SUM(JG15:JK15) -> 0 | JO15: =SUM(JM15:JN15) -> 0 | KG15: =SUM(JP15:KF15) -> 0 | KY15: =SUM(KH15:KX15) -> 0
A16: P | B16: 31803 | C16: Parroquia Bergantín | N16: =SUM(D16:M16) -> 0 | Y16: =SUM(O16:X16) -> 0 | Z16: =IFERROR(O16/D16,0) -> 0 | AA16: =IFERROR(P16/E16,0) -> 0 | AB16: =IFERROR(Q16/F16,0) -> 0 | AC16: =IFERROR(R16/G16,0) -> 0 | AD16: =IFERROR(S16/H16,0) -> 0 | AE16: =IFERROR(T16/I16,0) -> 0 | AF16: =IFERROR(U16/J16,0) -> 0 | AG16: =IFERROR(V16/K16,0) -> 0 | ... AJ16: =IFERROR(Y16/N16,0) -> 0 | AT16: =SUM(AL16:AS16) -> 0 | BU16: =SUM(AU16:BT16) -> 0 | BY16: =SUM(BV16:BX16) -> 0 | DC16: =SUM(BZ16:DB16) -> 0 | DF16: =SUM(DD16:DE16) -> 0 | EJ16: =SUM(EC16:ED16,DX16:DY16,DS16:DT16,DN16:DO16,DI16:DJ16,EI16,) -> 0 | EK16: =SUM(EE16:EH16,DZ16:EB16,DU16:DW16,DP16:DR16,DK16:DM16,DG16:DH16) -> 0 | EO16: =SUM(EL16:EN16) -> 0 | EY16: =SUM(EP16:EX16) -> 0 | FH16: =SUM(EZ16:FG16) -> 0 | FS16: =SUM(FI16:FR16) -> 0 | GQ16: =SUM(FT16:GP16) -> 0 | GS16: =SUM(GR16) -> 0 | HS16: =SUM(GT16:HR16) -> 0 | HV16: =SUM(HT16:HU16) -> 0 | IC16: =SUM(HW16:IB16) -> 0 | IN16: =SUM(ID16:IM16) -> 0 | IO16: =SUM(AT16,BU16,BY16,DC16,DF16,EK16,EO16,EY16,FH16,FS16,GQ16,GS16,HS16,HV16,IC16,IN16,EJ16) -> 0 | JD16: =SUM(IP16,IR16,IT16,IZ16,JB16,IX16,IV16) -> 0 | JE16: =SUM(IQ16,IS16,IU16,JA16,JC16,IY16,IW16) -> 0 | JF16: =SUM(JD16:JE16) -> 0 | JL16: =SUM(JG16:JK16) -> 0 | JO16: =SUM(JM16:JN16) -> 0 | KG16: =SUM(JP16:KF16) -> 0 | KY16: =SUM(KH16:KX16) -> 0
A17: P | B17: 31804 | C17: Parroquia Caigua | N17: =SUM(D17:M17) -> 0 | Y17: =SUM(O17:X17) -> 0 | Z17: =IFERROR(O17/D17,0) -> 0 | AA17: =IFERROR(P17/E17,0) -> 0 | AB17: =IFERROR(Q17/F17,0) -> 0 | AC17: =IFERROR(R17/G17,0) -> 0 | AD17: =IFERROR(S17/H17,0) -> 0 | AE17: =IFERROR(T17/I17,0) -> 0 | AF17: =IFERROR(U17/J17,0) -> 0 | AG17: =IFERROR(V17/K17,0) -> 0 | ... AJ17: =IFERROR(Y17/N17,0) -> 0 | AT17: =SUM(AL17:AS17) -> 0 | BU17: =SUM(AU17:BT17) -> 0 | BY17: =SUM(BV17:BX17) -> 0 | DC17: =SUM(BZ17:DB17) -> 0 | DF17: =SUM(DD17:DE17) -> 0 | EJ17: =SUM(EC17:ED17,DX17:DY17,DS17:DT17,DN17:DO17,DI17:DJ17,EI17,) -> 0 | EK17: =SUM(EE17:EH17,DZ17:EB17,DU17:DW17,DP17:DR17,DK17:DM17,DG17:DH17) -> 0 | EO17: =SUM(EL17:EN17) -> 0 | EY17: =SUM(EP17:EX17) -> 0 | FH17: =SUM(EZ17:FG17) -> 0 | FS17: =SUM(FI17:FR17) -> 0 | GQ17: =SUM(FT17:GP17) -> 0 | GS17: =SUM(GR17) -> 0 | HS17: =SUM(GT17:HR17) -> 0 | HV17: =SUM(HT17:HU17) -> 0 | IC17: =SUM(HW17:IB17) -> 0 | IN17: =SUM(ID17:IM17) -> 0 | IO17: =SUM(AT17,BU17,BY17,DC17,DF17,EK17,EO17,EY17,FH17,FS17,GQ17,GS17,HS17,HV17,IC17,IN17,EJ17) -> 0 | JD17: =SUM(IP17,IR17,IT17,IZ17,JB17,IX17,IV17) -> 0 | JE17: =SUM(IQ17,IS17,IU17,JA17,JC17,IY17,IW17) -> 0 | JF17: =SUM(JD17:JE17) -> 0 | JL17: =SUM(JG17:JK17) -> 0 | JO17: =SUM(JM17:JN17) -> 0 | KG17: =SUM(JP17:KF17) -> 0 | KY17: =SUM(KH17:KX17) -> 0
A18: P | B18: 31805 | C18: Parroquia El Pilar | N18: =SUM(D18:M18) -> 0 | Y18: =SUM(O18:X18) -> 0 | Z18: =IFERROR(O18/D18,0) -> 0 | AA18: =IFERROR(P18/E18,0) -> 0 | AB18: =IFERROR(Q18/F18,0) -> 0 | AC18: =IFERROR(R18/G18,0) -> 0 | AD18: =IFERROR(S18/H18,0) -> 0 | AE18: =IFERROR(T18/I18,0) -> 0 | AF18: =IFERROR(U18/J18,0) -> 0 | AG18: =IFERROR(V18/K18,0) -> 0 | ... AJ18: =IFERROR(Y18/N18,0) -> 0 | AT18: =SUM(AL18:AS18) -> 0 | BU18: =SUM(AU18:BT18) -> 0 | BY18: =SUM(BV18:BX18) -> 0 | DC18: =SUM(BZ18:DB18) -> 0 | DF18: =SUM(DD18:DE18) -> 0 | EJ18: =SUM(EC18:ED18,DX18:DY18,DS18:DT18,DN18:DO18,DI18:DJ18,EI18,) -> 0 | EK18: =SUM(EE18:EH18,DZ18:EB18,DU18:DW18,DP18:DR18,DK18:DM18,DG18:DH18) -> 0 | EO18: =SUM(EL18:EN18) -> 0 | EY18: =SUM(EP18:EX18) -> 0 | FH18: =SUM(EZ18:FG18) -> 0 | FS18: =SUM(FI18:FR18) -> 0 | GQ18: =SUM(FT18:GP18) -> 0 | GS18: =SUM(GR18) -> 0 | HS18: =SUM(GT18:HR18) -> 0 | HV18: =SUM(HT18:HU18) -> 0 | IC18: =SUM(HW18:IB18) -> 0 | IN18: =SUM(ID18:IM18) -> 0 | IO18: =SUM(AT18,BU18,BY18,DC18,DF18,EK18,EO18,EY18,FH18,FS18,GQ18,GS18,HS18,HV18,IC18,IN18,EJ18) -> 0 | JD18: =SUM(IP18,IR18,IT18,IZ18,JB18,IX18,IV18) -> 0 | JE18: =SUM(IQ18,IS18,IU18,JA18,JC18,IY18,IW18) -> 0 | JF18: =SUM(JD18:JE18) -> 0 | JL18: =SUM(JG18:JK18) -> 0 | JO18: =SUM(JM18:JN18) -> 0 | KG18: =SUM(JP18:KF18) -> 0 | KY18: =SUM(KH18:KX18) -> 0
A19: P | B19: 31806 | C19: Parroquia Naricual | N19: =SUM(D19:M19) -> 0 | Y19: =SUM(O19:X19) -> 0 | Z19: =IFERROR(O19/D19,0) -> 0 | AA19: =IFERROR(P19/E19,0) -> 0 | AB19: =IFERROR(Q19/F19,0) -> 0 | AC19: =IFERROR(R19/G19,0) -> 0 | AD19: =IFERROR(S19/H19,0) -> 0 | AE19: =IFERROR(T19/I19,0) -> 0 | AF19: =IFERROR(U19/J19,0) -> 0 | AG19: =IFERROR(V19/K19,0) -> 0 | ... AJ19: =IFERROR(Y19/N19,0) -> 0 | AT19: =SUM(AL19:AS19) -> 0 | BU19: =SUM(AU19:BT19) -> 0 | BY19: =SUM(BV19:BX19) -> 0 | DC19: =SUM(BZ19:DB19) -> 0 | DF19: =SUM(DD19:DE19) -> 0 | EJ19: =SUM(EC19:ED19,DX19:DY19,DS19:DT19,DN19:DO19,DI19:DJ19,EI19,) -> 0 | EK19: =SUM(EE19:EH19,DZ19:EB19,DU19:DW19,DP19:DR19,DK19:DM19,DG19:DH19) -> 0 | EO19: =SUM(EL19:EN19) -> 0 | EY19: =SUM(EP19:EX19) -> 0 | FH19: =SUM(EZ19:FG19) -> 0 | FS19: =SUM(FI19:FR19) -> 0 | GQ19: =SUM(FT19:GP19) -> 0 | GS19: =SUM(GR19) -> 0 | HS19: =SUM(GT19:HR19) -> 0 | HV19: =SUM(HT19:HU19) -> 0 | IC19: =SUM(HW19:IB19) -> 0 | IN19: =SUM(ID19:IM19) -> 0 | IO19: =SUM(AT19,BU19,BY19,DC19,DF19,EK19,EO19,EY19,FH19,FS19,GQ19,GS19,HS19,HV19,IC19,IN19,EJ19) -> 0 | JD19: =SUM(IP19,IR19,IT19,IZ19,JB19,IX19,IV19) -> 0 | JE19: =SUM(IQ19,IS19,IU19,JA19,JC19,IY19,IW19) -> 0 | JF19: =SUM(JD19:JE19) -> 0 | JL19: =SUM(JG19:JK19) -> 0 | JO19: =SUM(JM19:JN19) -> 0 | KG19: =SUM(JP19:KF19) -> 0 | KY19: =SUM(KH19:KX19) -> 0
A20: M | B20: 32100 | C20: Municipio Turistico Diego Bautista Urbaneja | D20: =SUM(D21:D22) -> 0 | E20: =SUM(E21:E22) -> 0 | F20: =SUM(F21:F22) -> 0 | G20: =SUM(G21:G22) -> 0 | H20: =SUM(H21:H22) -> 0 | I20: =SUM(I21:I22) -> 0 | J20: =SUM(J21:J22) -> 0 | K20: =SUM(K21:K22) -> 0 | ... Y20: =SUM(Y21:Y22) -> 0 | Z20: =IFERROR(O20/D20,0) -> 0 | AA20: =IFERROR(P20/E20,0) -> 0 | AB20: =IFERROR(Q20/F20,0) -> 0 | AC20: =IFERROR(R20/G20,0) -> 0 | AD20: =IFERROR(S20/H20,0) -> 0 | AE20: =IFERROR(T20/I20,0) -> 0 | AF20: =IFERROR(U20/J20,0) -> 0 | AG20: =IFERROR(V20/K20,0) -> 0 | ... AJ20: =IFERROR(Y20/N20,0) -> 0 | AK20: =SUM(AK21:AK22) -> 0 | AL20: =SUM(AL21:AL22) -> 0 | AM20: =SUM(AM21:AM22) -> 0 | AN20: =SUM(AN21:AN22) -> 0 | AO20: =SUM(AO21:AO22) -> 0 | AP20: =SUM(AP21:AP22) -> 0 | AQ20: =SUM(AQ21:AQ22) -> 0 | AR20: =SUM(AR21:AR22) -> 0 | ... EX20: =SUM(EX21:EX22) -> 0 | EY20: =SUM(EP20:EX20) -> 0 | EZ20: =SUM(EZ21:EZ22) -> 0 | FA20: =SUM(FA21:FA22) -> 0 | FB20: =SUM(FB21:FB22) -> 0 | FC20: =SUM(FC21:FC22) -> 0 | FD20: =SUM(FD21:FD22) -> 0 | FE20: =SUM(FE21:FE22) -> 0 | FF20: =SUM(FF21:FF22) -> 0 | FG20: =SUM(FG21:FG22) -> 0 | ... GP20: =SUM(GP21:GP22) -> 0 | GQ20: =SUM(FT20:GP20) -> 0 | GR20: =SUM(GR21:GR22) -> 0 | GS20: =SUM(GS21:GS22) -> 0 | GT20: =SUM(GT21:GT22) -> 0 | GU20: =SUM(GU21:GU22) -> 0 | GV20: =SUM(GV21:GV22) -> 0 | GW20: =SUM(GW21:GW22) -> 0 | GX20: =SUM(GX21:GX22) -> 0 | GY20: =SUM(GY21:GY22) -> 0 | ... MM20: =SUM(MM21:MM22) -> 0
A21: P | B21: 32101 | C21: Parroquia Capital Diego Bautista Urbaneja | N21: =SUM(D21:M21) -> 0 | Y21: =SUM(O21:X21) -> 0 | Z21: =IFERROR(O21/D21,0) -> 0 | AA21: =IFERROR(P21/E21,0) -> 0 | AB21: =IFERROR(Q21/F21,0) -> 0 | AC21: =IFERROR(R21/G21,0) -> 0 | AD21: =IFERROR(S21/H21,0) -> 0 | AE21: =IFERROR(T21/I21,0) -> 0 | AF21: =IFERROR(U21/J21,0) -> 0 | AG21: =IFERROR(V21/K21,0) -> 0 | ... AJ21: =IFERROR(Y21/N21,0) -> 0 | AT21: =SUM(AL21:AS21) -> 0 | BU21: =SUM(AU21:BT21) -> 0 | BY21: =SUM(BV21:BX21) -> 0 | DC21: =SUM(BZ21:DB21) -> 0 | DF21: =SUM(DD21:DE21) -> 0 | EJ21: =SUM(EC21:ED21,DX21:DY21,DS21:DT21,DN21:DO21,DI21:DJ21,EI21,) -> 0 | EK21: =SUM(EE21:EH21,DZ21:EB21,DU21:DW21,DP21:DR21,DK21:DM21,DG21:DH21) -> 0 | EO21: =SUM(EL21:EN21) -> 0 | EY21: =SUM(EP21:EX21) -> 0 | FH21: =SUM(EZ21:FG21) -> 0 | FS21: =SUM(FI21:FR21) -> 0 | GQ21: =SUM(FT21:GP21) -> 0 | GS21: =SUM(GR21) -> 0 | HS21: =SUM(GT21:HR21) -> 0 | HV21: =SUM(HT21:HU21) -> 0 | IC21: =SUM(HW21:IB21) -> 0 | IN21: =SUM(ID21:IM21) -> 0 | IO21: =SUM(AT21,BU21,BY21,DC21,DF21,EK21,EO21,EY21,FH21,FS21,GQ21,GS21,HS21,HV21,IC21,IN21,EJ21) -> 0 | JD21: =SUM(IP21,IR21,IT21,IZ21,JB21,IX21,IV21) -> 0 | JE21: =SUM(IQ21,IS21,IU21,JA21,JC21,IY21,IW21) -> 0 | JF21: =SUM(JD21:JE21) -> 0 | JL21: =SUM(JG21:JK21) -> 0 | JO21: =SUM(JM21:JN21) -> 0 | KG21: =SUM(JP21:KF21) -> 0 | KY21: =SUM(KH21:KX21) -> 0
A22: P | B22: 32102 | C22: Parroquia El Morro | N22: =SUM(D22:M22) -> 0 | Y22: =SUM(O22:X22) -> 0 | Z22: =IFERROR(O22/D22,0) -> 0 | AA22: =IFERROR(P22/E22,0) -> 0 | AB22: =IFERROR(Q22/F22,0) -> 0 | AC22: =IFERROR(R22/G22,0) -> 0 | AD22: =IFERROR(S22/H22,0) -> 0 | AE22: =IFERROR(T22/I22,0) -> 0 | AF22: =IFERROR(U22/J22,0) -> 0 | AG22: =IFERROR(V22/K22,0) -> 0 | ... AJ22: =IFERROR(Y22/N22,0) -> 0 | AT22: =SUM(AL22:AS22) -> 0 | BU22: =SUM(AU22:BT22) -> 0 | BY22: =SUM(BV22:BX22) -> 0 | DC22: =SUM(BZ22:DB22) -> 0 | DF22: =SUM(DD22:DE22) -> 0 | EJ22: =SUM(EC22:ED22,DX22:DY22,DS22:DT22,DN22:DO22,DI22:DJ22,EI22,) -> 0 | EK22: =SUM(EE22:EH22,DZ22:EB22,DU22:DW22,DP22:DR22,DK22:DM22,DG22:DH22) -> 0 | EO22: =SUM(EL22:EN22) -> 0 | EY22: =SUM(EP22:EX22) -> 0 | FH22: =SUM(EZ22:FG22) -> 0 | FS22: =SUM(FI22:FR22) -> 0 | GQ22: =SUM(FT22:GP22) -> 0 | GS22: =SUM(GR22) -> 0 | HS22: =SUM(GT22:HR22) -> 0 | HV22: =SUM(HT22:HU22) -> 0 | IC22: =SUM(HW22:IB22) -> 0 | IN22: =SUM(ID22:IM22) -> 0 | IO22: =SUM(AT22,BU22,BY22,DC22,DF22,EK22,EO22,EY22,FH22,FS22,GQ22,GS22,HS22,HV22,IC22,IN22,EJ22) -> 0 | JD22: =SUM(IP22,IR22,IT22,IZ22,JB22,IX22,IV22) -> 0 | JE22: =SUM(IQ22,IS22,IU22,JA22,JC22,IY22,IW22) -> 0 | JF22: =SUM(JD22:JE22) -> 0 | JL22: =SUM(JG22:JK22) -> 0 | JO22: =SUM(JM22:JN22) -> 0 | KG22: =SUM(JP22:KF22) -> 0 | KY22: =SUM(KH22:KX22) -> 0
A23: M | B23: 31100 | C23: Municipio Libertad | D23: =SUM(D24:D26) -> 0 | E23: =SUM(E24:E26) -> 0 | F23: =SUM(F24:F26) -> 0 | G23: =SUM(G24:G26) -> 0 | H23: =SUM(H24:H26) -> 0 | I23: =SUM(I24:I26) -> 0 | J23: =SUM(J24:J26) -> 0 | K23: =SUM(K24:K26) -> 0 | ... Y23: =SUM(Y24:Y26) -> 0 | Z23: =IFERROR(O23/D23,0) -> 0 | AA23: =IFERROR(P23/E23,0) -> 0 | AB23: =IFERROR(Q23/F23,0) -> 0 | AC23: =IFERROR(R23/G23,0) -> 0 | AD23: =IFERROR(S23/H23,0) -> 0 | AE23: =IFERROR(T23/I23,0) -> 0 | AF23: =IFERROR(U23/J23,0) -> 0 | AG23: =IFERROR(V23/K23,0) -> 0 | ... AJ23: =IFERROR(Y23/N23,0) -> 0 | AK23: =SUM(AK24:AK26) -> 0 | AL23: =SUM(AL24:AL26) -> 0 | AM23: =SUM(AM24:AM26) -> 0 | AN23: =SUM(AN24:AN26) -> 0 | AO23: =SUM(AO24:AO26) -> 0 | AP23: =SUM(AP24:AP26) -> 0 | AQ23: =SUM(AQ24:AQ26) -> 0 | AR23: =SUM(AR24:AR26) -> 0 | ... EX23: =SUM(EX24:EX26) -> 0 | EY23: =SUM(EP23:EX23) -> 0 | EZ23: =SUM(EZ24:EZ26) -> 0 | FA23: =SUM(FA24:FA26) -> 0 | FB23: =SUM(FB24:FB26) -> 0 | FC23: =SUM(FC24:FC26) -> 0 | FD23: =SUM(FD24:FD26) -> 0 | FE23: =SUM(FE24:FE26) -> 0 | FF23: =SUM(FF24:FF26) -> 0 | FG23: =SUM(FG24:FG26) -> 0 | ... GP23: =SUM(GP24:GP26) -> 0 | GQ23: =SUM(FT23:GP23) -> 0 | GR23: =SUM(GR24:GR26) -> 0 | GS23: =SUM(GS24:GS26) -> 0 | GT23: =SUM(GT24:GT26) -> 0 | GU23: =SUM(GU24:GU26) -> 0 | GV23: =SUM(GV24:GV26) -> 0 | GW23: =SUM(GW24:GW26) -> 0 | GX23: =SUM(GX24:GX26) -> 0 | GY23: =SUM(GY24:GY26) -> 0 | ... MM23: =SUM(MM24:MM26) -> 0
A24: P | B24: 31101 | C24: Parroquia Capital Libertad | N24: =SUM(D24:M24) -> 0 | Y24: =SUM(O24:X24) -> 0 | Z24: =IFERROR(O24/D24,0) -> 0 | AA24: =IFERROR(P24/E24,0) -> 0 | AB24: =IFERROR(Q24/F24,0) -> 0 | AC24: =IFERROR(R24/G24,0) -> 0 | AD24: =IFERROR(S24/H24,0) -> 0 | AE24: =IFERROR(T24/I24,0) -> 0 | AF24: =IFERROR(U24/J24,0) -> 0 | AG24: =IFERROR(V24/K24,0) -> 0 | ... AJ24: =IFERROR(Y24/N24,0) -> 0 | AT24: =SUM(AL24:AS24) -> 0 | BU24: =SUM(AU24:BT24) -> 0 | BY24: =SUM(BV24:BX24) -> 0 | DC24: =SUM(BZ24:DB24) -> 0 | DF24: =SUM(DD24:DE24) -> 0 | EJ24: =SUM(EC24:ED24,DX24:DY24,DS24:DT24,DN24:DO24,DI24:DJ24,EI24,) -> 0 | EK24: =SUM(EE24:EH24,DZ24:EB24,DU24:DW24,DP24:DR24,DK24:DM24,DG24:DH24) -> 0 | EO24: =SUM(EL24:EN24) -> 0 | EY24: =SUM(EP24:EX24) -> 0 | FH24: =SUM(EZ24:FG24) -> 0 | FS24: =SUM(FI24:FR24) -> 0 | GQ24: =SUM(FT24:GP24) -> 0 | GS24: =SUM(GR24) -> 0 | HS24: =SUM(GT24:HR24) -> 0 | HV24: =SUM(HT24:HU24) -> 0 | IC24: =SUM(HW24:IB24) -> 0 | IN24: =SUM(ID24:IM24) -> 0 | IO24: =SUM(AT24,BU24,BY24,DC24,DF24,EK24,EO24,EY24,FH24,FS24,GQ24,GS24,HS24,HV24,IC24,IN24,EJ24) -> 0 | JD24: =SUM(IP24,IR24,IT24,IZ24,JB24,IX24,IV24) -> 0 | JE24: =SUM(IQ24,IS24,IU24,JA24,JC24,IY24,IW24) -> 0 | JF24: =SUM(JD24:JE24) -> 0 | JL24: =SUM(JG24:JK24) -> 0 | JO24: =SUM(JM24:JN24) -> 0 | KG24: =SUM(JP24:KF24) -> 0 | KY24: =SUM(KH24:KX24) -> 0
A25: P | B25: 31102 | C25: Parroquia El Carito | N25: =SUM(D25:M25) -> 0 | Y25: =SUM(O25:X25) -> 0 | Z25: =IFERROR(O25/D25,0) -> 0 | AA25: =IFERROR(P25/E25,0) -> 0 | AB25: =IFERROR(Q25/F25,0) -> 0 | AC25: =IFERROR(R25/G25,0) -> 0 | AD25: =IFERROR(S25/H25,0) -> 0 | AE25: =IFERROR(T25/I25,0) -> 0 | AF25: =IFERROR(U25/J25,0) -> 0 | AG25: =IFERROR(V25/K25,0) -> 0 | ... AJ25: =IFERROR(Y25/N25,0) -> 0 | AT25: =SUM(AL25:AS25) -> 0 | BU25: =SUM(AU25:BT25) -> 0 | BY25: =SUM(BV25:BX25) -> 0 | DC25: =SUM(BZ25:DB25) -> 0 | DF25: =SUM(DD25:DE25) -> 0 | EJ25: =SUM(EC25:ED25,DX25:DY25,DS25:DT25,DN25:DO25,DI25:DJ25,EI25,) -> 0 | EK25: =SUM(EE25:EH25,DZ25:EB25,DU25:DW25,DP25:DR25,DK25:DM25,DG25:DH25) -> 0 | EO25: =SUM(EL25:EN25) -> 0 | EY25: =SUM(EP25:EX25) -> 0 | FH25: =SUM(EZ25:FG25) -> 0 | FS25: =SUM(FI25:FR25) -> 0 | GQ25: =SUM(FT25:GP25) -> 0 | GS25: =SUM(GR25) -> 0 | HS25: =SUM(GT25:HR25) -> 0 | HV25: =SUM(HT25:HU25) -> 0 | IC25: =SUM(HW25:IB25) -> 0 | IN25: =SUM(ID25:IM25) -> 0 | IO25: =SUM(AT25,BU25,BY25,DC25,DF25,EK25,EO25,EY25,FH25,FS25,GQ25,GS25,HS25,HV25,IC25,IN25,EJ25) -> 0 | JD25: =SUM(IP25,IR25,IT25,IZ25,JB25,IX25,IV25) -> 0 | JE25: =SUM(IQ25,IS25,IU25,JA25,JC25,IY25,IW25) -> 0 | JF25: =SUM(JD25:JE25) -> 0 | JL25: =SUM(JG25:JK25) -> 0 | JO25: =SUM(JM25:JN25) -> 0 | KG25: =SUM(JP25:KF25) -> 0 | KY25: =SUM(KH25:KX25) -> 0
A26: P | B26: 31103 | C26: Parroquia Santa Inés | N26: =SUM(D26:M26) -> 0 | Y26: =SUM(O26:X26) -> 0 | Z26: =IFERROR(O26/D26,0) -> 0 | AA26: =IFERROR(P26/E26,0) -> 0 | AB26: =IFERROR(Q26/F26,0) -> 0 | AC26: =IFERROR(R26/G26,0) -> 0 | AD26: =IFERROR(S26/H26,0) -> 0 | AE26: =IFERROR(T26/I26,0) -> 0 | AF26: =IFERROR(U26/J26,0) -> 0 | AG26: =IFERROR(V26/K26,0) -> 0 | ... AJ26: =IFERROR(Y26/N26,0) -> 0 | AT26: =SUM(AL26:AS26) -> 0 | BU26: =SUM(AU26:BT26) -> 0 | BY26: =SUM(BV26:BX26) -> 0 | DC26: =SUM(BZ26:DB26) -> 0 | DF26: =SUM(DD26:DE26) -> 0 | EJ26: =SUM(EC26:ED26,DX26:DY26,DS26:DT26,DN26:DO26,DI26:DJ26,EI26,) -> 0 | EK26: =SUM(EE26:EH26,DZ26:EB26,DU26:DW26,DP26:DR26,DK26:DM26,DG26:DH26) -> 0 | EO26: =SUM(EL26:EN26) -> 0 | EY26: =SUM(EP26:EX26) -> 0 | FH26: =SUM(EZ26:FG26) -> 0 | FS26: =SUM(FI26:FR26) -> 0 | GQ26: =SUM(FT26:GP26) -> 0 | GS26: =SUM(GR26) -> 0 | HS26: =SUM(GT26:HR26) -> 0 | HV26: =SUM(HT26:HU26) -> 0 | IC26: =SUM(HW26:IB26) -> 0 | IN26: =SUM(ID26:IM26) -> 0 | IO26: =SUM(AT26,BU26,BY26,DC26,DF26,EK26,EO26,EY26,FH26,FS26,GQ26,GS26,HS26,HV26,IC26,IN26,EJ26) -> 0 | JD26: =SUM(IP26,IR26,IT26,IZ26,JB26,IX26,IV26) -> 0 | JE26: =SUM(IQ26,IS26,IU26,JA26,JC26,IY26,IW26) -> 0 | JF26: =SUM(JD26:JE26) -> 0 | JL26: =SUM(JG26:JK26) -> 0 | JO26: =SUM(JM26:JN26) -> 0 | KG26: =SUM(JP26:KF26) -> 0 | KY26: =SUM(KH26:KX26) -> 0
A27: M | B27: 31400 | C27: Municipio Píritu | D27: =SUM(D28:D29) -> 0 | E27: =SUM(E28:E29) -> 0 | F27: =SUM(F28:F29) -> 0 | G27: =SUM(G28:G29) -> 0 | H27: =SUM(H28:H29) -> 0 | I27: =SUM(I28:I29) -> 0 | J27: =SUM(J28:J29) -> 0 | K27: =SUM(K28:K29) -> 0 | ... Y27: =SUM(Y28:Y29) -> 0 | Z27: =IFERROR(O27/D27,0) -> 0 | AA27: =IFERROR(P27/E27,0) -> 0 | AB27: =IFERROR(Q27/F27,0) -> 0 | AC27: =IFERROR(R27/G27,0) -> 0 | AD27: =IFERROR(S27/H27,0) -> 0 | AE27: =IFERROR(T27/I27,0) -> 0 | AF27: =IFERROR(U27/J27,0) -> 0 | AG27: =IFERROR(V27/K27,0) -> 0 | ... AJ27: =IFERROR(Y27/N27,0) -> 0 | AK27: =SUM(AK28:AK29) -> 0 | AL27: =SUM(AL28:AL29) -> 0 | AM27: =SUM(AM28:AM29) -> 0 | AN27: =SUM(AN28:AN29) -> 0 | AO27: =SUM(AO28:AO29) -> 0 | AP27: =SUM(AP28:AP29) -> 0 | AQ27: =SUM(AQ28:AQ29) -> 0 | AR27: =SUM(AR28:AR29) -> 0 | ... EX27: =SUM(EX28:EX29) -> 0 | EY27: =SUM(EP27:EX27) -> 0 | EZ27: =SUM(EZ28:EZ29) -> 0 | FA27: =SUM(FA28:FA29) -> 0 | FB27: =SUM(FB28:FB29) -> 0 | FC27: =SUM(FC28:FC29) -> 0 | FD27: =SUM(FD28:FD29) -> 0 | FE27: =SUM(FE28:FE29) -> 0 | FF27: =SUM(FF28:FF29) -> 0 | FG27: =SUM(FG28:FG29) -> 0 | ... GP27: =SUM(GP28:GP29) -> 0 | GQ27: =SUM(FT27:GP27) -> 0 | GR27: =SUM(GR28:GR29) -> 0 | GS27: =SUM(GS28:GS29) -> 0 | GT27: =SUM(GT28:GT29) -> 0 | GU27: =SUM(GU28:GU29) -> 0 | GV27: =SUM(GV28:GV29) -> 0 | GW27: =SUM(GW28:GW29) -> 0 | GX27: =SUM(GX28:GX29) -> 0 | GY27: =SUM(GY28:GY29) -> 0 | ... MM27: =SUM(MM28:MM29) -> 0
A28: P | B28: 31401 | C28: Parroquia Capital Píritu | N28: =SUM(D28:M28) -> 0 | Y28: =SUM(O28:X28) -> 0 | Z28: =IFERROR(O28/D28,0) -> 0 | AA28: =IFERROR(P28/E28,0) -> 0 | AB28: =IFERROR(Q28/F28,0) -> 0 | AC28: =IFERROR(R28/G28,0) -> 0 | AD28: =IFERROR(S28/H28,0) -> 0 | AE28: =IFERROR(T28/I28,0) -> 0 | AF28: =IFERROR(U28/J28,0) -> 0 | AG28: =IFERROR(V28/K28,0) -> 0 | ... AJ28: =IFERROR(Y28/N28,0) -> 0 | AT28: =SUM(AL28:AS28) -> 0 | BU28: =SUM(AU28:BT28) -> 0 | BY28: =SUM(BV28:BX28) -> 0 | DC28: =SUM(BZ28:DB28) -> 0 | DF28: =SUM(DD28:DE28) -> 0 | EJ28: =SUM(EC28:ED28,DX28:DY28,DS28:DT28,DN28:DO28,DI28:DJ28,EI28,) -> 0 | EK28: =SUM(EE28:EH28,DZ28:EB28,DU28:DW28,DP28:DR28,DK28:DM28,DG28:DH28) -> 0 | EO28: =SUM(EL28:EN28) -> 0 | EY28: =SUM(EP28:EX28) -> 0 | FH28: =SUM(EZ28:FG28) -> 0 | FS28: =SUM(FI28:FR28) -> 0 | GQ28: =SUM(FT28:GP28) -> 0 | GS28: =SUM(GR28) -> 0 | HS28: =SUM(GT28:HR28) -> 0 | HV28: =SUM(HT28:HU28) -> 0 | IC28: =SUM(HW28:IB28) -> 0 | IN28: =SUM(ID28:IM28) -> 0 | IO28: =SUM(AT28,BU28,BY28,DC28,DF28,EK28,EO28,EY28,FH28,FS28,GQ28,GS28,HS28,HV28,IC28,IN28,EJ28) -> 0 | JD28: =SUM(IP28,IR28,IT28,IZ28,JB28,IX28,IV28) -> 0 | JE28: =SUM(IQ28,IS28,IU28,JA28,JC28,IY28,IW28) -> 0 | JF28: =SUM(JD28:JE28) -> 0 | JL28: =SUM(JG28:JK28) -> 0 | JO28: =SUM(JM28:JN28) -> 0 | KG28: =SUM(JP28:KF28) -> 0 | KY28: =SUM(KH28:KX28) -> 0
A29: P | B29: 31402 | C29: Parroquia San Francisco | N29: =SUM(D29:M29) -> 0 | Y29: =SUM(O29:X29) -> 0 | Z29: =IFERROR(O29/D29,0) -> 0 | AA29: =IFERROR(P29/E29,0) -> 0 | AB29: =IFERROR(Q29/F29,0) -> 0 | AC29: =IFERROR(R29/G29,0) -> 0 | AD29: =IFERROR(S29/H29,0) -> 0 | AE29: =IFERROR(T29/I29,0) -> 0 | AF29: =IFERROR(U29/J29,0) -> 0 | AG29: =IFERROR(V29/K29,0) -> 0 | ... AJ29: =IFERROR(Y29/N29,0) -> 0 | AT29: =SUM(AL29:AS29) -> 0 | BU29: =SUM(AU29:BT29) -> 0 | BY29: =SUM(BV29:BX29) -> 0 | DC29: =SUM(BZ29:DB29) -> 0 | DF29: =SUM(DD29:DE29) -> 0 | EJ29: =SUM(EC29:ED29,DX29:DY29,DS29:DT29,DN29:DO29,DI29:DJ29,EI29,) -> 0 | EK29: =SUM(EE29:EH29,DZ29:EB29,DU29:DW29,DP29:DR29,DK29:DM29,DG29:DH29) -> 0 | EO29: =SUM(EL29:EN29) -> 0 | EY29: =SUM(EP29:EX29) -> 0 | FH29: =SUM(EZ29:FG29) -> 0 | FS29: =SUM(FI29:FR29) -> 0 | GQ29: =SUM(FT29:GP29) -> 0 | GS29: =SUM(GR29) -> 0 | HS29: =SUM(GT29:HR29) -> 0 | HV29: =SUM(HT29:HU29) -> 0 | IC29: =SUM(HW29:IB29) -> 0 | IN29: =SUM(ID29:IM29) -> 0 | IO29: =SUM(AT29,BU29,BY29,DC29,DF29,EK29,EO29,EY29,FH29,FS29,GQ29,GS29,HS29,HV29,IC29,IN29,EJ29) -> 0 | JD29: =SUM(IP29,IR29,IT29,IZ29,JB29,IX29,IV29) -> 0 | JE29: =SUM(IQ29,IS29,IU29,JA29,JC29,IY29,IW29) -> 0 | JF29: =SUM(JD29:JE29) -> 0 | JL29: =SUM(JG29:JK29) -> 0 | JO29: =SUM(JM29:JN29) -> 0 | KG29: =SUM(JP29:KF29) -> 0 | KY29: =SUM(KH29:KX29) -> 0
A30: M | B30: 31200 | C30: Municipio Manuel Ezequiel Bruzual | D30: =SUM(D31:D33) -> 0 | E30: =SUM(E31:E33) -> 0 | F30: =SUM(F31:F33) -> 0 | G30: =SUM(G31:G33) -> 0 | H30: =SUM(H31:H33) -> 0 | I30: =SUM(I31:I33) -> 0 | J30: =SUM(J31:J33) -> 0 | K30: =SUM(K31:K33) -> 0 | ... Y30: =SUM(Y31:Y33) -> 0 | Z30: =IFERROR(O30/D30,0) -> 0 | AA30: =IFERROR(P30/E30,0) -> 0 | AB30: =IFERROR(Q30/F30,0) -> 0 | AC30: =IFERROR(R30/G30,0) -> 0 | AD30: =IFERROR(S30/H30,0) -> 0 | AE30: =IFERROR(T30/I30,0) -> 0 | AF30: =IFERROR(U30/J30,0) -> 0 | AG30: =IFERROR(V30/K30,0) -> 0 | ... AJ30: =IFERROR(Y30/N30,0) -> 0 | AK30: =SUM(AK31:AK33) -> 0 | AL30: =SUM(AL31:AL33) -> 0 | AM30: =SUM(AM31:AM33) -> 0 | AN30: =SUM(AN31:AN33) -> 0 | AO30: =SUM(AO31:AO33) -> 0 | AP30: =SUM(AP31:AP33) -> 0 | AQ30: =SUM(AQ31:AQ33) -> 0 | AR30: =SUM(AR31:AR33) -> 0 | ... EX30: =SUM(EX31:EX33) -> 0 | EY30: =SUM(EP30:EX30) -> 0 | EZ30: =SUM(EZ31:EZ33) -> 0 | FA30: =SUM(FA31:FA33) -> 0 | FB30: =SUM(FB31:FB33) -> 0 | FC30: =SUM(FC31:FC33) -> 0 | FD30: =SUM(FD31:FD33) -> 0 | FE30: =SUM(FE31:FE33) -> 0 | FF30: =SUM(FF31:FF33) -> 0 | FG30: =SUM(FG31:FG33) -> 0 | ... GP30: =SUM(GP31:GP33) -> 0 | GQ30: =SUM(FT30:GP30) -> 0 | GR30: =SUM(GR31:GR33) -> 0 | GS30: =SUM(GS31:GS33) -> 0 | GT30: =SUM(GT31:GT33) -> 0 | GU30: =SUM(GU31:GU33) -> 0 | GV30: =SUM(GV31:GV33) -> 0 | GW30: =SUM(GW31:GW33) -> 0 | GX30: =SUM(GX31:GX33) -> 0 | GY30: =SUM(GY31:GY33) -> 0 | ... MM30: =SUM(MM31:MM33) -> 0
A31: P | B31: 31201 | C31: Parroquia Capital Manuel Ezequiel Bruzual | N31: =SUM(D31:M31) -> 0 | Y31: =SUM(O31:X31) -> 0 | Z31: =IFERROR(O31/D31,0) -> 0 | AA31: =IFERROR(P31/E31,0) -> 0 | AB31: =IFERROR(Q31/F31,0) -> 0 | AC31: =IFERROR(R31/G31,0) -> 0 | AD31: =IFERROR(S31/H31,0) -> 0 | AE31: =IFERROR(T31/I31,0) -> 0 | AF31: =IFERROR(U31/J31,0) -> 0 | AG31: =IFERROR(V31/K31,0) -> 0 | ... AJ31: =IFERROR(Y31/N31,0) -> 0 | AT31: =SUM(AL31:AS31) -> 0 | BU31: =SUM(AU31:BT31) -> 0 | BY31: =SUM(BV31:BX31) -> 0 | DC31: =SUM(BZ31:DB31) -> 0 | DF31: =SUM(DD31:DE31) -> 0 | EJ31: =SUM(EC31:ED31,DX31:DY31,DS31:DT31,DN31:DO31,DI31:DJ31,EI31,) -> 0 | EK31: =SUM(EE31:EH31,DZ31:EB31,DU31:DW31,DP31:DR31,DK31:DM31,DG31:DH31) -> 0 | EO31: =SUM(EL31:EN31) -> 0 | EY31: =SUM(EP31:EX31) -> 0 | FH31: =SUM(EZ31:FG31) -> 0 | FS31: =SUM(FI31:FR31) -> 0 | GQ31: =SUM(FT31:GP31) -> 0 | GS31: =SUM(GR31) -> 0 | HS31: =SUM(GT31:HR31) -> 0 | HV31: =SUM(HT31:HU31) -> 0 | IC31: =SUM(HW31:IB31) -> 0 | IN31: =SUM(ID31:IM31) -> 0 | IO31: =SUM(AT31,BU31,BY31,DC31,DF31,EK31,EO31,EY31,FH31,FS31,GQ31,GS31,HS31,HV31,IC31,IN31,EJ31) -> 0 | JD31: =SUM(IP31,IR31,IT31,IZ31,JB31,IX31,IV31) -> 0 | JE31: =SUM(IQ31,IS31,IU31,JA31,JC31,IY31,IW31) -> 0 | JF31: =SUM(JD31:JE31) -> 0 | JL31: =SUM(JG31:JK31) -> 0 | JO31: =SUM(JM31:JN31) -> 0 | KG31: =SUM(JP31:KF31) -> 0 | KY31: =SUM(KH31:KX31) -> 0
A32: P | B32: 31202 | C32: Parroquia Guanape | N32: =SUM(D32:M32) -> 0 | Y32: =SUM(O32:X32) -> 0 | Z32: =IFERROR(O32/D32,0) -> 0 | AA32: =IFERROR(P32/E32,0) -> 0 | AB32: =IFERROR(Q32/F32,0) -> 0 | AC32: =IFERROR(R32/G32,0) -> 0 | AD32: =IFERROR(S32/H32,0) -> 0 | AE32: =IFERROR(T32/I32,0) -> 0 | AF32: =IFERROR(U32/J32,0) -> 0 | AG32: =IFERROR(V32/K32,0) -> 0 | ... AJ32: =IFERROR(Y32/N32,0) -> 0 | AT32: =SUM(AL32:AS32) -> 0 | BU32: =SUM(AU32:BT32) -> 0 | BY32: =SUM(BV32:BX32) -> 0 | DC32: =SUM(BZ32:DB32) -> 0 | DF32: =SUM(DD32:DE32) -> 0 | EJ32: =SUM(EC32:ED32,DX32:DY32,DS32:DT32,DN32:DO32,DI32:DJ32,EI32,) -> 0 | EK32: =SUM(EE32:EH32,DZ32:EB32,DU32:DW32,DP32:DR32,DK32:DM32,DG32:DH32) -> 0 | EO32: =SUM(EL32:EN32) -> 0 | EY32: =SUM(EP32:EX32) -> 0 | FH32: =SUM(EZ32:FG32) -> 0 | FS32: =SUM(FI32:FR32) -> 0 | GQ32: =SUM(FT32:GP32) -> 0 | GS32: =SUM(GR32) -> 0 | HS32: =SUM(GT32:HR32) -> 0 | HV32: =SUM(HT32:HU32) -> 0 | IC32: =SUM(HW32:IB32) -> 0 | IN32: =SUM(ID32:IM32) -> 0 | IO32: =SUM(AT32,BU32,BY32,DC32,DF32,EK32,EO32,EY32,FH32,FS32,GQ32,GS32,HS32,HV32,IC32,IN32,EJ32) -> 0 | JD32: =SUM(IP32,IR32,IT32,IZ32,JB32,IX32,IV32) -> 0 | JE32: =SUM(IQ32,IS32,IU32,JA32,JC32,IY32,IW32) -> 0 | JF32: =SUM(JD32:JE32) -> 0 | JL32: =SUM(JG32:JK32) -> 0 | JO32: =SUM(JM32:JN32) -> 0 | KG32: =SUM(JP32:KF32) -> 0 | KY32: =SUM(KH32:KX32) -> 0
A33: P | B33: 31203 | C33: Parroquia Sabana de Uchire | N33: =SUM(D33:M33) -> 0 | Y33: =SUM(O33:X33) -> 0 | Z33: =IFERROR(O33/D33,0) -> 0 | AA33: =IFERROR(P33/E33,0) -> 0 | AB33: =IFERROR(Q33/F33,0) -> 0 | AC33: =IFERROR(R33/G33,0) -> 0 | AD33: =IFERROR(S33/H33,0) -> 0 | AE33: =IFERROR(T33/I33,0) -> 0 | AF33: =IFERROR(U33/J33,0) -> 0 | AG33: =IFERROR(V33/K33,0) -> 0 | ... AJ33: =IFERROR(Y33/N33,0) -> 0 | AT33: =SUM(AL33:AS33) -> 0 | BU33: =SUM(AU33:BT33) -> 0 | BY33: =SUM(BV33:BX33) -> 0 | DC33: =SUM(BZ33:DB33) -> 0 | DF33: =SUM(DD33:DE33) -> 0 | EJ33: =SUM(EC33:ED33,DX33:DY33,DS33:DT33,DN33:DO33,DI33:DJ33,EI33,) -> 0 | EK33: =SUM(EE33:EH33,DZ33:EB33,DU33:DW33,DP33:DR33,DK33:DM33,DG33:DH33) -> 0 | EO33: =SUM(EL33:EN33) -> 0 | EY33: =SUM(EP33:EX33) -> 0 | FH33: =SUM(EZ33:FG33) -> 0 | FS33: =SUM(FI33:FR33) -> 0 | GQ33: =SUM(FT33:GP33) -> 0 | GS33: =SUM(GR33) -> 0 | HS33: =SUM(GT33:HR33) -> 0 | HV33: =SUM(HT33:HU33) -> 0 | IC33: =SUM(HW33:IB33) -> 0 | IN33: =SUM(ID33:IM33) -> 0 | IO33: =SUM(AT33,BU33,BY33,DC33,DF33,EK33,EO33,EY33,FH33,FS33,GQ33,GS33,HS33,HV33,IC33,IN33,EJ33) -> 0 | JD33: =SUM(IP33,IR33,IT33,IZ33,JB33,IX33,IV33) -> 0 | JE33: =SUM(IQ33,IS33,IU33,JA33,JC33,IY33,IW33) -> 0 | JF33: =SUM(JD33:JE33) -> 0 | JL33: =SUM(JG33:JK33) -> 0 | JO33: =SUM(JM33:JN33) -> 0 | KG33: =SUM(JP33:KF33) -> 0 | KY33: =SUM(KH33:KX33) -> 0
A34: M | B34: 30900 | C34: Municipio Juan Manuel Cajigal | D34: =SUM(D35:D36) -> 0 | E34: =SUM(E35:E36) -> 0 | F34: =SUM(F35:F36) -> 0 | G34: =SUM(G35:G36) -> 0 | H34: =SUM(H35:H36) -> 0 | I34: =SUM(I35:I36) -> 0 | J34: =SUM(J35:J36) -> 0 | K34: =SUM(K35:K36) -> 0 | ... Y34: =SUM(Y35:Y36) -> 0 | Z34: =IFERROR(O34/D34,0) -> 0 | AA34: =IFERROR(P34/E34,0) -> 0 | AB34: =IFERROR(Q34/F34,0) -> 0 | AC34: =IFERROR(R34/G34,0) -> 0 | AD34: =IFERROR(S34/H34,0) -> 0 | AE34: =IFERROR(T34/I34,0) -> 0 | AF34: =IFERROR(U34/J34,0) -> 0 | AG34: =IFERROR(V34/K34,0) -> 0 | ... AJ34: =IFERROR(Y34/N34,0) -> 0 | AK34: =SUM(AK35:AK36) -> 0 | AL34: =SUM(AL35:AL36) -> 0 | AM34: =SUM(AM35:AM36) -> 0 | AN34: =SUM(AN35:AN36) -> 0 | AO34: =SUM(AO35:AO36) -> 0 | AP34: =SUM(AP35:AP36) -> 0 | AQ34: =SUM(AQ35:AQ36) -> 0 | AR34: =SUM(AR35:AR36) -> 0 | ... EX34: =SUM(EX35:EX36) -> 0 | EY34: =SUM(EP34:EX34) -> 0 | EZ34: =SUM(EZ35:EZ36) -> 0 | FA34: =SUM(FA35:FA36) -> 0 | FB34: =SUM(FB35:FB36) -> 0 | FC34: =SUM(FC35:FC36) -> 0 | FD34: =SUM(FD35:FD36) -> 0 | FE34: =SUM(FE35:FE36) -> 0 | FF34: =SUM(FF35:FF36) -> 0 | FG34: =SUM(FG35:FG36) -> 0 | ... GP34: =SUM(GP35:GP36) -> 0 | GQ34: =SUM(FT34:GP34) -> 0 | GR34: =SUM(GR35:GR36) -> 0 | GS34: =SUM(GS35:GS36) -> 0 | GT34: =SUM(GT35:GT36) -> 0 | GU34: =SUM(GU35:GU36) -> 0 | GV34: =SUM(GV35:GV36) -> 0 | GW34: =SUM(GW35:GW36) -> 0 | GX34: =SUM(GX35:GX36) -> 0 | GY34: =SUM(GY35:GY36) -> 0 | ... MM34: =SUM(MM35:MM36) -> 0
A35: P | B35: 30901 | C35: Parroquia Capital Juan Manuel Cajigal | N35: =SUM(D35:M35) -> 0 | Y35: =SUM(O35:X35) -> 0 | Z35: =IFERROR(O35/D35,0) -> 0 | AA35: =IFERROR(P35/E35,0) -> 0 | AB35: =IFERROR(Q35/F35,0) -> 0 | AC35: =IFERROR(R35/G35,0) -> 0 | AD35: =IFERROR(S35/H35,0) -> 0 | AE35: =IFERROR(T35/I35,0) -> 0 | AF35: =IFERROR(U35/J35,0) -> 0 | AG35: =IFERROR(V35/K35,0) -> 0 | ... AJ35: =IFERROR(Y35/N35,0) -> 0 | AT35: =SUM(AL35:AS35) -> 0 | BU35: =SUM(AU35:BT35) -> 0 | BY35: =SUM(BV35:BX35) -> 0 | DC35: =SUM(BZ35:DB35) -> 0 | DF35: =SUM(DD35:DE35) -> 0 | EJ35: =SUM(EC35:ED35,DX35:DY35,DS35:DT35,DN35:DO35,DI35:DJ35,EI35,) -> 0 | EK35: =SUM(EE35:EH35,DZ35:EB35,DU35:DW35,DP35:DR35,DK35:DM35,DG35:DH35) -> 0 | EO35: =SUM(EL35:EN35) -> 0 | EY35: =SUM(EP35:EX35) -> 0 | FH35: =SUM(EZ35:FG35) -> 0 | FS35: =SUM(FI35:FR35) -> 0 | GQ35: =SUM(FT35:GP35) -> 0 | GS35: =SUM(GR35) -> 0 | HS35: =SUM(GT35:HR35) -> 0 | HV35: =SUM(HT35:HU35) -> 0 | IC35: =SUM(HW35:IB35) -> 0 | IN35: =SUM(ID35:IM35) -> 0 | IO35: =SUM(AT35,BU35,BY35,DC35,DF35,EK35,EO35,EY35,FH35,FS35,GQ35,GS35,HS35,HV35,IC35,IN35,EJ35) -> 0 | JD35: =SUM(IP35,IR35,IT35,IZ35,JB35,IX35,IV35) -> 0 | JE35: =SUM(IQ35,IS35,IU35,JA35,JC35,IY35,IW35) -> 0 | JF35: =SUM(JD35:JE35) -> 0 | JL35: =SUM(JG35:JK35) -> 0 | JO35: =SUM(JM35:JN35) -> 0 | KG35: =SUM(JP35:KF35) -> 0 | KY35: =SUM(KH35:KX35) -> 0
A36: P | B36: 30902 | C36: Parroquia San Pablo | N36: =SUM(D36:M36) -> 0 | Y36: =SUM(O36:X36) -> 0 | Z36: =IFERROR(O36/D36,0) -> 0 | AA36: =IFERROR(P36/E36,0) -> 0 | AB36: =IFERROR(Q36/F36,0) -> 0 | AC36: =IFERROR(R36/G36,0) -> 0 | AD36: =IFERROR(S36/H36,0) -> 0 | AE36: =IFERROR(T36/I36,0) -> 0 | AF36: =IFERROR(U36/J36,0) -> 0 | AG36: =IFERROR(V36/K36,0) -> 0 | ... AJ36: =IFERROR(Y36/N36,0) -> 0 | AT36: =SUM(AL36:AS36) -> 0 | BU36: =SUM(AU36:BT36) -> 0 | BY36: =SUM(BV36:BX36) -> 0 | DC36: =SUM(BZ36:DB36) -> 0 | DF36: =SUM(DD36:DE36) -> 0 | EJ36: =SUM(EC36:ED36,DX36:DY36,DS36:DT36,DN36:DO36,DI36:DJ36,EI36,) -> 0 | EK36: =SUM(EE36:EH36,DZ36:EB36,DU36:DW36,DP36:DR36,DK36:DM36,DG36:DH36) -> 0 | EO36: =SUM(EL36:EN36) -> 0 | EY36: =SUM(EP36:EX36) -> 0 | FH36: =SUM(EZ36:FG36) -> 0 | FS36: =SUM(FI36:FR36) -> 0 | GQ36: =SUM(FT36:GP36) -> 0 | GS36: =SUM(GR36) -> 0 | HS36: =SUM(GT36:HR36) -> 0 | HV36: =SUM(HT36:HU36) -> 0 | IC36: =SUM(HW36:IB36) -> 0 | IN36: =SUM(ID36:IM36) -> 0 | IO36: =SUM(AT36,BU36,BY36,DC36,DF36,EK36,EO36,EY36,FH36,FS36,GQ36,GS36,HS36,HV36,IC36,IN36,EJ36) -> 0 | JD36: =SUM(IP36,IR36,IT36,IZ36,JB36,IX36,IV36) -> 0 | JE36: =SUM(IQ36,IS36,IU36,JA36,JC36,IY36,IW36) -> 0 | JF36: =SUM(JD36:JE36) -> 0 | JL36: =SUM(JG36:JK36) -> 0 | JO36: =SUM(JM36:JN36) -> 0 | KG36: =SUM(JP36:KF36) -> 0 | KY36: =SUM(KH36:KX36) -> 0
A37: M | B37: 30400 | C37: Municipio Francisco del Carmen Carvajal | D37: =SUM(D38:D39) -> 0 | E37: =SUM(E38:E39) -> 0 | F37: =SUM(F38:F39) -> 0 | G37: =SUM(G38:G39) -> 0 | H37: =SUM(H38:H39) -> 0 | I37: =SUM(I38:I39) -> 0 | J37: =SUM(J38:J39) -> 0 | K37: =SUM(K38:K39) -> 0 | ... Y37: =SUM(Y38:Y39) -> 0 | Z37: =IFERROR(O37/D37,0) -> 0 | AA37: =IFERROR(P37/E37,0) -> 0 | AB37: =IFERROR(Q37/F37,0) -> 0 | AC37: =IFERROR(R37/G37,0) -> 0 | AD37: =IFERROR(S37/H37,0) -> 0 | AE37: =IFERROR(T37/I37,0) -> 0 | AF37: =IFERROR(U37/J37,0) -> 0 | AG37: =IFERROR(V37/K37,0) -> 0 | ... AJ37: =IFERROR(Y37/N37,0) -> 0 | AK37: =SUM(AK38:AK39) -> 0 | AL37: =SUM(AL38:AL39) -> 0 | AM37: =SUM(AM38:AM39) -> 0 | AN37: =SUM(AN38:AN39) -> 0 | AO37: =SUM(AO38:AO39) -> 0 | AP37: =SUM(AP38:AP39) -> 0 | AQ37: =SUM(AQ38:AQ39) -> 0 | AR37: =SUM(AR38:AR39) -> 0 | ... EX37: =SUM(EX38:EX39) -> 0 | EY37: =SUM(EP37:EX37) -> 0 | EZ37: =SUM(EZ38:EZ39) -> 0 | FA37: =SUM(FA38:FA39) -> 0 | FB37: =SUM(FB38:FB39) -> 0 | FC37: =SUM(FC38:FC39) -> 0 | FD37: =SUM(FD38:FD39) -> 0 | FE37: =SUM(FE38:FE39) -> 0 | FF37: =SUM(FF38:FF39) -> 0 | FG37: =SUM(FG38:FG39) -> 0 | ... GP37: =SUM(GP38:GP39) -> 0 | GQ37: =SUM(FT37:GP37) -> 0 | GR37: =SUM(GR38:GR39) -> 0 | GS37: =SUM(GS38:GS39) -> 0 | GT37: =SUM(GT38:GT39) -> 0 | GU37: =SUM(GU38:GU39) -> 0 | GV37: =SUM(GV38:GV39) -> 0 | GW37: =SUM(GW38:GW39) -> 0 | GX37: =SUM(GX38:GX39) -> 0 | GY37: =SUM(GY38:GY39) -> 0 | ... MM37: =SUM(MM38:MM39) -> 0
A38: P | B38: 30401 | C38: Parroquia Capital Francisco del Carmen Carvajal | N38: =SUM(D38:M38) -> 0 | Y38: =SUM(O38:X38) -> 0 | Z38: =IFERROR(O38/D38,0) -> 0 | AA38: =IFERROR(P38/E38,0) -> 0 | AB38: =IFERROR(Q38/F38,0) -> 0 | AC38: =IFERROR(R38/G38,0) -> 0 | AD38: =IFERROR(S38/H38,0) -> 0 | AE38: =IFERROR(T38/I38,0) -> 0 | AF38: =IFERROR(U38/J38,0) -> 0 | AG38: =IFERROR(V38/K38,0) -> 0 | ... AJ38: =IFERROR(Y38/N38,0) -> 0 | AT38: =SUM(AL38:AS38) -> 0 | BU38: =SUM(AU38:BT38) -> 0 | BY38: =SUM(BV38:BX38) -> 0 | DC38: =SUM(BZ38:DB38) -> 0 | DF38: =SUM(DD38:DE38) -> 0 | EJ38: =SUM(EC38:ED38,DX38:DY38,DS38:DT38,DN38:DO38,DI38:DJ38,EI38,) -> 0 | EK38: =SUM(EE38:EH38,DZ38:EB38,DU38:DW38,DP38:DR38,DK38:DM38,DG38:DH38) -> 0 | EO38: =SUM(EL38:EN38) -> 0 | EY38: =SUM(EP38:EX38) -> 0 | FH38: =SUM(EZ38:FG38) -> 0 | FS38: =SUM(FI38:FR38) -> 0 | GQ38: =SUM(FT38:GP38) -> 0 | GS38: =SUM(GR38) -> 0 | HS38: =SUM(GT38:HR38) -> 0 | HV38: =SUM(HT38:HU38) -> 0 | IC38: =SUM(HW38:IB38) -> 0 | IN38: =SUM(ID38:IM38) -> 0 | IO38: =SUM(AT38,BU38,BY38,DC38,DF38,EK38,EO38,EY38,FH38,FS38,GQ38,GS38,HS38,HV38,IC38,IN38,EJ38) -> 0 | JD38: =SUM(IP38,IR38,IT38,IZ38,JB38,IX38,IV38) -> 0 | JE38: =SUM(IQ38,IS38,IU38,JA38,JC38,IY38,IW38) -> 0 | JF38: =SUM(JD38:JE38) -> 0 | JL38: =SUM(JG38:JK38) -> 0 | JO38: =SUM(JM38:JN38) -> 0 | KG38: =SUM(JP38:KF38) -> 0 | KY38: =SUM(KH38:KX38) -> 0
A39: P | B39: 30402 | C39: Parroquia Santa Bárbara | N39: =SUM(D39:M39) -> 0 | Y39: =SUM(O39:X39) -> 0 | Z39: =IFERROR(O39/D39,0) -> 0 | AA39: =IFERROR(P39/E39,0) -> 0 | AB39: =IFERROR(Q39/F39,0) -> 0 | AC39: =IFERROR(R39/G39,0) -> 0 | AD39: =IFERROR(S39/H39,0) -> 0 | AE39: =IFERROR(T39/I39,0) -> 0 | AF39: =IFERROR(U39/J39,0) -> 0 | AG39: =IFERROR(V39/K39,0) -> 0 | ... AJ39: =IFERROR(Y39/N39,0) -> 0 | AT39: =SUM(AL39:AS39) -> 0 | BU39: =SUM(AU39:BT39) -> 0 | BY39: =SUM(BV39:BX39) -> 0 | DC39: =SUM(BZ39:DB39) -> 0 | DF39: =SUM(DD39:DE39) -> 0 | EJ39: =SUM(EC39:ED39,DX39:DY39,DS39:DT39,DN39:DO39,DI39:DJ39,EI39,) -> 0 | EK39: =SUM(EE39:EH39,DZ39:EB39,DU39:DW39,DP39:DR39,DK39:DM39,DG39:DH39) -> 0 | EO39: =SUM(EL39:EN39) -> 0 | EY39: =SUM(EP39:EX39) -> 0 | FH39: =SUM(EZ39:FG39) -> 0 | FS39: =SUM(FI39:FR39) -> 0 | GQ39: =SUM(FT39:GP39) -> 0 | GS39: =SUM(GR39) -> 0 | HS39: =SUM(GT39:HR39) -> 0 | HV39: =SUM(HT39:HU39) -> 0 | IC39: =SUM(HW39:IB39) -> 0 | IN39: =SUM(ID39:IM39) -> 0 | IO39: =SUM(AT39,BU39,BY39,DC39,DF39,EK39,EO39,EY39,FH39,FS39,GQ39,GS39,HS39,HV39,IC39,IN39,EJ39) -> 0 | JD39: =SUM(IP39,IR39,IT39,IZ39,JB39,IX39,IV39) -> 0 | JE39: =SUM(IQ39,IS39,IU39,JA39,JC39,IY39,IW39) -> 0 | JF39: =SUM(JD39:JE39) -> 0 | JL39: =SUM(JG39:JK39) -> 0 | JO39: =SUM(JM39:JN39) -> 0 | KG39: =SUM(JP39:KF39) -> 0 | KY39: =SUM(KH39:KX39) -> 0
A40: M | B40: 30300 | C40: Municipio Fernando de Peñalver | D40: =SUM(D41:D43) -> 0 | E40: =SUM(E41:E43) -> 0 | F40: =SUM(F41:F43) -> 0 | G40: =SUM(G41:G43) -> 0 | H40: =SUM(H41:H43) -> 0 | I40: =SUM(I41:I43) -> 0 | J40: =SUM(J41:J43) -> 0 | K40: =SUM(K41:K43) -> 0 | ... Y40: =SUM(Y41:Y43) -> 0 | Z40: =IFERROR(O40/D40,0) -> 0 | AA40: =IFERROR(P40/E40,0) -> 0 | AB40: =IFERROR(Q40/F40,0) -> 0 | AC40: =IFERROR(R40/G40,0) -> 0 | AD40: =IFERROR(S40/H40,0) -> 0 | AE40: =IFERROR(T40/I40,0) -> 0 | AF40: =IFERROR(U40/J40,0) -> 0 | AG40: =IFERROR(V40/K40,0) -> 0 | ... AJ40: =IFERROR(Y40/N40,0) -> 0 | AK40: =SUM(AK41:AK43) -> 0 | AL40: =SUM(AL41:AL43) -> 0 | AM40: =SUM(AM41:AM43) -> 0 | AN40: =SUM(AN41:AN43) -> 0 | AO40: =SUM(AO41:AO43) -> 0 | AP40: =SUM(AP41:AP43) -> 0 | AQ40: =SUM(AQ41:AQ43) -> 0 | AR40: =SUM(AR41:AR43) -> 0 | ... EX40: =SUM(EX41:EX43) -> 0 | EY40: =SUM(EP40:EX40) -> 0 | EZ40: =SUM(EZ41:EZ43) -> 0 | FA40: =SUM(FA41:FA43) -> 0 | FB40: =SUM(FB41:FB43) -> 0 | FC40: =SUM(FC41:FC43) -> 0 | FD40: =SUM(FD41:FD43) -> 0 | FE40: =SUM(FE41:FE43) -> 0 | FF40: =SUM(FF41:FF43) -> 0 | FG40: =SUM(FG41:FG43) -> 0 | ... GP40: =SUM(GP41:GP43) -> 0 | GQ40: =SUM(FT40:GP40) -> 0 | GR40: =SUM(GR41:GR43) -> 0 | GS40: =SUM(GS41:GS43) -> 0 | GT40: =SUM(GT41:GT43) -> 0 | GU40: =SUM(GU41:GU43) -> 0 | GV40: =SUM(GV41:GV43) -> 0 | GW40: =SUM(GW41:GW43) -> 0 | GX40: =SUM(GX41:GX43) -> 0 | GY40: =SUM(GY41:GY43) -> 0 | ... MM40: =SUM(MM41:MM43) -> 0
A41: P | B41: 30301 | C41: Parroquia Capital Fernando de Peñalver | N41: =SUM(D41:M41) -> 0 | Y41: =SUM(O41:X41) -> 0 | Z41: =IFERROR(O41/D41,0) -> 0 | AA41: =IFERROR(P41/E41,0) -> 0 | AB41: =IFERROR(Q41/F41,0) -> 0 | AC41: =IFERROR(R41/G41,0) -> 0 | AD41: =IFERROR(S41/H41,0) -> 0 | AE41: =IFERROR(T41/I41,0) -> 0 | AF41: =IFERROR(U41/J41,0) -> 0 | AG41: =IFERROR(V41/K41,0) -> 0 | ... AJ41: =IFERROR(Y41/N41,0) -> 0 | AT41: =SUM(AL41:AS41) -> 0 | BU41: =SUM(AU41:BT41) -> 0 | BY41: =SUM(BV41:BX41) -> 0 | DC41: =SUM(BZ41:DB41) -> 0 | DF41: =SUM(DD41:DE41) -> 0 | EJ41: =SUM(EC41:ED41,DX41:DY41,DS41:DT41,DN41:DO41,DI41:DJ41,EI41,) -> 0 | EK41: =SUM(EE41:EH41,DZ41:EB41,DU41:DW41,DP41:DR41,DK41:DM41,DG41:DH41) -> 0 | EO41: =SUM(EL41:EN41) -> 0 | EY41: =SUM(EP41:EX41) -> 0 | FH41: =SUM(EZ41:FG41) -> 0 | FS41: =SUM(FI41:FR41) -> 0 | GQ41: =SUM(FT41:GP41) -> 0 | GS41: =SUM(GR41) -> 0 | HS41: =SUM(GT41:HR41) -> 0 | HV41: =SUM(HT41:HU41) -> 0 | IC41: =SUM(HW41:IB41) -> 0 | IN41: =SUM(ID41:IM41) -> 0 | IO41: =SUM(AT41,BU41,BY41,DC41,DF41,EK41,EO41,EY41,FH41,FS41,GQ41,GS41,HS41,HV41,IC41,IN41,EJ41) -> 0 | JD41: =SUM(IP41,IR41,IT41,IZ41,JB41,IX41,IV41) -> 0 | JE41: =SUM(IQ41,IS41,IU41,JA41,JC41,IY41,IW41) -> 0 | JF41: =SUM(JD41:JE41) -> 0 | JL41: =SUM(JG41:JK41) -> 0 | JO41: =SUM(JM41:JN41) -> 0 | KG41: =SUM(JP41:KF41) -> 0 | KY41: =SUM(KH41:KX41) -> 0
A42: P | B42: 30302 | C42: Parroquia San Miguel | N42: =SUM(D42:M42) -> 0 | Y42: =SUM(O42:X42) -> 0 | Z42: =IFERROR(O42/D42,0) -> 0 | AA42: =IFERROR(P42/E42,0) -> 0 | AB42: =IFERROR(Q42/F42,0) -> 0 | AC42: =IFERROR(R42/G42,0) -> 0 | AD42: =IFERROR(S42/H42,0) -> 0 | AE42: =IFERROR(T42/I42,0) -> 0 | AF42: =IFERROR(U42/J42,0) -> 0 | AG42: =IFERROR(V42/K42,0) -> 0 | ... AJ42: =IFERROR(Y42/N42,0) -> 0 | AT42: =SUM(AL42:AS42) -> 0 | BU42: =SUM(AU42:BT42) -> 0 | BY42: =SUM(BV42:BX42) -> 0 | DC42: =SUM(BZ42:DB42) -> 0 | DF42: =SUM(DD42:DE42) -> 0 | EJ42: =SUM(EC42:ED42,DX42:DY42,DS42:DT42,DN42:DO42,DI42:DJ42,EI42,) -> 0 | EK42: =SUM(EE42:EH42,DZ42:EB42,DU42:DW42,DP42:DR42,DK42:DM42,DG42:DH42) -> 0 | EO42: =SUM(EL42:EN42) -> 0 | EY42: =SUM(EP42:EX42) -> 0 | FH42: =SUM(EZ42:FG42) -> 0 | FS42: =SUM(FI42:FR42) -> 0 | GQ42: =SUM(FT42:GP42) -> 0 | GS42: =SUM(GR42) -> 0 | HS42: =SUM(GT42:HR42) -> 0 | HV42: =SUM(HT42:HU42) -> 0 | IC42: =SUM(HW42:IB42) -> 0 | IN42: =SUM(ID42:IM42) -> 0 | IO42: =SUM(AT42,BU42,BY42,DC42,DF42,EK42,EO42,EY42,FH42,FS42,GQ42,GS42,HS42,HV42,IC42,IN42,EJ42) -> 0 | JD42: =SUM(IP42,IR42,IT42,IZ42,JB42,IX42,IV42) -> 0 | JE42: =SUM(IQ42,IS42,IU42,JA42,JC42,IY42,IW42) -> 0 | JF42: =SUM(JD42:JE42) -> 0 | JL42: =SUM(JG42:JK42) -> 0 | JO42: =SUM(JM42:JN42) -> 0 | KG42: =SUM(JP42:KF42) -> 0 | KY42: =SUM(KH42:KX42) -> 0
A43: P | B43: 30303 | C43: Parroquia Sucre | N43: =SUM(D43:M43) -> 0 | Y43: =SUM(O43:X43) -> 0 | Z43: =IFERROR(O43/D43,0) -> 0 | AA43: =IFERROR(P43/E43,0) -> 0 | AB43: =IFERROR(Q43/F43,0) -> 0 | AC43: =IFERROR(R43/G43,0) -> 0 | AD43: =IFERROR(S43/H43,0) -> 0 | AE43: =IFERROR(T43/I43,0) -> 0 | AF43: =IFERROR(U43/J43,0) -> 0 | AG43: =IFERROR(V43/K43,0) -> 0 | ... AJ43: =IFERROR(Y43/N43,0) -> 0 | AT43: =SUM(AL43:AS43) -> 0 | BU43: =SUM(AU43:BT43) -> 0 | BY43: =SUM(BV43:BX43) -> 0 | DC43: =SUM(BZ43:DB43) -> 0 | DF43: =SUM(DD43:DE43) -> 0 | EJ43: =SUM(EC43:ED43,DX43:DY43,DS43:DT43,DN43:DO43,DI43:DJ43,EI43,) -> 0 | EK43: =SUM(EE43:EH43,DZ43:EB43,DU43:DW43,DP43:DR43,DK43:DM43,DG43:DH43) -> 0 | EO43: =SUM(EL43:EN43) -> 0 | EY43: =SUM(EP43:EX43) -> 0 | FH43: =SUM(EZ43:FG43) -> 0 | FS43: =SUM(FI43:FR43) -> 0 | GQ43: =SUM(FT43:GP43) -> 0 | GS43: =SUM(GR43) -> 0 | HS43: =SUM(GT43:HR43) -> 0 | HV43: =SUM(HT43:HU43) -> 0 | IC43: =SUM(HW43:IB43) -> 0 | IN43: =SUM(ID43:IM43) -> 0 | IO43: =SUM(AT43,BU43,BY43,DC43,DF43,EK43,EO43,EY43,FH43,FS43,GQ43,GS43,HS43,HV43,IC43,IN43,EJ43) -> 0 | JD43: =SUM(IP43,IR43,IT43,IZ43,JB43,IX43,IV43) -> 0 | JE43: =SUM(IQ43,IS43,IU43,JA43,JC43,IY43,IW43) -> 0 | JF43: =SUM(JD43:JE43) -> 0 | JL43: =SUM(JG43:JK43) -> 0 | JO43: =SUM(JM43:JN43) -> 0 | KG43: =SUM(JP43:KF43) -> 0 | KY43: =SUM(KH43:KX43) -> 0
A44: M | B44: 31600 | C44: Municipio San Juan de Capistrano | D44: =SUM(D45:D46) -> 0 | E44: =SUM(E45:E46) -> 0 | F44: =SUM(F45:F46) -> 0 | G44: =SUM(G45:G46) -> 0 | H44: =SUM(H45:H46) -> 0 | I44: =SUM(I45:I46) -> 0 | J44: =SUM(J45:J46) -> 0 | K44: =SUM(K45:K46) -> 0 | ... Y44: =SUM(Y45:Y46) -> 0 | Z44: =IFERROR(O44/D44,0) -> 0 | AA44: =IFERROR(P44/E44,0) -> 0 | AB44: =IFERROR(Q44/F44,0) -> 0 | AC44: =IFERROR(R44/G44,0) -> 0 | AD44: =IFERROR(S44/H44,0) -> 0 | AE44: =IFERROR(T44/I44,0) -> 0 | AF44: =IFERROR(U44/J44,0) -> 0 | AG44: =IFERROR(V44/K44,0) -> 0 | ... AJ44: =IFERROR(Y44/N44,0) -> 0 | AK44: =SUM(AK45:AK46) -> 0 | AL44: =SUM(AL45:AL46) -> 0 | AM44: =SUM(AM45:AM46) -> 0 | AN44: =SUM(AN45:AN46) -> 0 | AO44: =SUM(AO45:AO46) -> 0 | AP44: =SUM(AP45:AP46) -> 0 | AQ44: =SUM(AQ45:AQ46) -> 0 | AR44: =SUM(AR45:AR46) -> 0 | ... EX44: =SUM(EX45:EX46) -> 0 | EY44: =SUM(EP44:EX44) -> 0 | EZ44: =SUM(EZ45:EZ46) -> 0 | FA44: =SUM(FA45:FA46) -> 0 | FB44: =SUM(FB45:FB46) -> 0 | FC44: =SUM(FC45:FC46) -> 0 | FD44: =SUM(FD45:FD46) -> 0 | FE44: =SUM(FE45:FE46) -> 0 | FF44: =SUM(FF45:FF46) -> 0 | FG44: =SUM(FG45:FG46) -> 0 | ... GP44: =SUM(GP45:GP46) -> 0 | GQ44: =SUM(FT44:GP44) -> 0 | GR44: =SUM(GR45:GR46) -> 0 | GS44: =SUM(GS45:GS46) -> 0 | GT44: =SUM(GT45:GT46) -> 0 | GU44: =SUM(GU45:GU46) -> 0 | GV44: =SUM(GV45:GV46) -> 0 | GW44: =SUM(GW45:GW46) -> 0 | GX44: =SUM(GX45:GX46) -> 0 | GY44: =SUM(GY45:GY46) -> 0 | ... MM44: =SUM(MM45:MM46) -> 0
A45: P | B45: 31601 | C45: Parroquia Capital San Juan de Capistrano | N45: =SUM(D45:M45) -> 0 | Y45: =SUM(O45:X45) -> 0 | Z45: =IFERROR(O45/D45,0) -> 0 | AA45: =IFERROR(P45/E45,0) -> 0 | AB45: =IFERROR(Q45/F45,0) -> 0 | AC45: =IFERROR(R45/G45,0) -> 0 | AD45: =IFERROR(S45/H45,0) -> 0 | AE45: =IFERROR(T45/I45,0) -> 0 | AF45: =IFERROR(U45/J45,0) -> 0 | AG45: =IFERROR(V45/K45,0) -> 0 | ... AJ45: =IFERROR(Y45/N45,0) -> 0 | AT45: =SUM(AL45:AS45) -> 0 | BU45: =SUM(AU45:BT45) -> 0 | BY45: =SUM(BV45:BX45) -> 0 | DC45: =SUM(BZ45:DB45) -> 0 | DF45: =SUM(DD45:DE45) -> 0 | EJ45: =SUM(EC45:ED45,DX45:DY45,DS45:DT45,DN45:DO45,DI45:DJ45,EI45,) -> 0 | EK45: =SUM(EE45:EH45,DZ45:EB45,DU45:DW45,DP45:DR45,DK45:DM45,DG45:DH45) -> 0 | EO45: =SUM(EL45:EN45) -> 0 | EY45: =SUM(EP45:EX45) -> 0 | FH45: =SUM(EZ45:FG45) -> 0 | FS45: =SUM(FI45:FR45) -> 0 | GQ45: =SUM(FT45:GP45) -> 0 | GS45: =SUM(GR45) -> 0 | HS45: =SUM(GT45:HR45) -> 0 | HV45: =SUM(HT45:HU45) -> 0 | IC45: =SUM(HW45:IB45) -> 0 | IN45: =SUM(ID45:IM45) -> 0 | IO45: =SUM(AT45,BU45,BY45,DC45,DF45,EK45,EO45,EY45,FH45,FS45,GQ45,GS45,HS45,HV45,IC45,IN45,EJ45) -> 0 | JD45: =SUM(IP45,IR45,IT45,IZ45,JB45,IX45,IV45) -> 0 | JE45: =SUM(IQ45,IS45,IU45,JA45,JC45,IY45,IW45) -> 0 | JF45: =SUM(JD45:JE45) -> 0 | JL45: =SUM(JG45:JK45) -> 0 | JO45: =SUM(JM45:JN45) -> 0 | KG45: =SUM(JP45:KF45) -> 0 | KY45: =SUM(KH45:KX45) -> 0
A46: P | B46: 31602 | C46: Parroquia Boca de Chávez | N46: =SUM(D46:M46) -> 0 | Y46: =SUM(O46:X46) -> 0 | Z46: =IFERROR(O46/D46,0) -> 0 | AA46: =IFERROR(P46/E46,0) -> 0 | AB46: =IFERROR(Q46/F46,0) -> 0 | AC46: =IFERROR(R46/G46,0) -> 0 | AD46: =IFERROR(S46/H46,0) -> 0 | AE46: =IFERROR(T46/I46,0) -> 0 | AF46: =IFERROR(U46/J46,0) -> 0 | AG46: =IFERROR(V46/K46,0) -> 0 | ... AJ46: =IFERROR(Y46/N46,0) -> 0 | AT46: =SUM(AL46:AS46) -> 0 | BU46: =SUM(AU46:BT46) -> 0 | BY46: =SUM(BV46:BX46) -> 0 | DC46: =SUM(BZ46:DB46) -> 0 | DF46: =SUM(DD46:DE46) -> 0 | EJ46: =SUM(EC46:ED46,DX46:DY46,DS46:DT46,DN46:DO46,DI46:DJ46,EI46,) -> 0 | EK46: =SUM(EE46:EH46,DZ46:EB46,DU46:DW46,DP46:DR46,DK46:DM46,DG46:DH46) -> 0 | EO46: =SUM(EL46:EN46) -> 0 | EY46: =SUM(EP46:EX46) -> 0 | FH46: =SUM(EZ46:FG46) -> 0 | FS46: =SUM(FI46:FR46) -> 0 | GQ46: =SUM(FT46:GP46) -> 0 | GS46: =SUM(GR46) -> 0 | HS46: =SUM(GT46:HR46) -> 0 | HV46: =SUM(HT46:HU46) -> 0 | IC46: =SUM(HW46:IB46) -> 0 | IN46: =SUM(ID46:IM46) -> 0 | IO46: =SUM(AT46,BU46,BY46,DC46,DF46,EK46,EO46,EY46,FH46,FS46,GQ46,GS46,HS46,HV46,IC46,IN46,EJ46) -> 0 | JD46: =SUM(IP46,IR46,IT46,IZ46,JB46,IX46,IV46) -> 0 | JE46: =SUM(IQ46,IS46,IU46,JA46,JC46,IY46,IW46) -> 0 | JF46: =SUM(JD46:JE46) -> 0 | JL46: =SUM(JG46:JK46) -> 0 | JO46: =SUM(JM46:JN46) -> 0 | KG46: =SUM(JP46:KF46) -> 0 | KY46: =SUM(KH46:KX46) -> 0
A47: M | B47: 30200 | C47: Municipio Aragua | D47: =SUM(D48:D49) -> 0 | E47: =SUM(E48:E49) -> 0 | F47: =SUM(F48:F49) -> 0 | G47: =SUM(G48:G49) -> 0 | H47: =SUM(H48:H49) -> 0 | I47: =SUM(I48:I49) -> 0 | J47: =SUM(J48:J49) -> 0 | K47: =SUM(K48:K49) -> 0 | ... Y47: =SUM(Y48:Y49) -> 0 | Z47: =IFERROR(O47/D47,0) -> 0 | AA47: =IFERROR(P47/E47,0) -> 0 | AB47: =IFERROR(Q47/F47,0) -> 0 | AC47: =IFERROR(R47/G47,0) -> 0 | AD47: =IFERROR(S47/H47,0) -> 0 | AE47: =IFERROR(T47/I47,0) -> 0 | AF47: =IFERROR(U47/J47,0) -> 0 | AG47: =IFERROR(V47/K47,0) -> 0 | ... AJ47: =IFERROR(Y47/N47,0) -> 0 | AK47: =SUM(AK48:AK49) -> 0 | AL47: =SUM(AL48:AL49) -> 0 | AM47: =SUM(AM48:AM49) -> 0 | AN47: =SUM(AN48:AN49) -> 0 | AO47: =SUM(AO48:AO49) -> 0 | AP47: =SUM(AP48:AP49) -> 0 | AQ47: =SUM(AQ48:AQ49) -> 0 | AR47: =SUM(AR48:AR49) -> 0 | ... EX47: =SUM(EX48:EX49) -> 0 | EY47: =SUM(EP47:EX47) -> 0 | EZ47: =SUM(EZ48:EZ49) -> 0 | FA47: =SUM(FA48:FA49) -> 0 | FB47: =SUM(FB48:FB49) -> 0 | FC47: =SUM(FC48:FC49) -> 0 | FD47: =SUM(FD48:FD49) -> 0 | FE47: =SUM(FE48:FE49) -> 0 | FF47: =SUM(FF48:FF49) -> 0 | FG47: =SUM(FG48:FG49) -> 0 | ... GP47: =SUM(GP48:GP49) -> 0 | GQ47: =SUM(FT47:GP47) -> 0 | GR47: =SUM(GR48:GR49) -> 0 | GS47: =SUM(GS48:GS49) -> 0 | GT47: =SUM(GT48:GT49) -> 0 | GU47: =SUM(GU48:GU49) -> 0 | GV47: =SUM(GV48:GV49) -> 0 | GW47: =SUM(GW48:GW49) -> 0 | GX47: =SUM(GX48:GX49) -> 0 | GY47: =SUM(GY48:GY49) -> 0 | ... MM47: =SUM(MM48:MM49) -> 0
A48: P | B48: 30201 | C48: Parroquia Capital Aragua | N48: =SUM(D48:M48) -> 0 | Y48: =SUM(O48:X48) -> 0 | Z48: =IFERROR(O48/D48,0) -> 0 | AA48: =IFERROR(P48/E48,0) -> 0 | AB48: =IFERROR(Q48/F48,0) -> 0 | AC48: =IFERROR(R48/G48,0) -> 0 | AD48: =IFERROR(S48/H48,0) -> 0 | AE48: =IFERROR(T48/I48,0) -> 0 | AF48: =IFERROR(U48/J48,0) -> 0 | AG48: =IFERROR(V48/K48,0) -> 0 | ... AJ48: =IFERROR(Y48/N48,0) -> 0 | AT48: =SUM(AL48:AS48) -> 0 | BU48: =SUM(AU48:BT48) -> 0 | BY48: =SUM(BV48:BX48) -> 0 | DC48: =SUM(BZ48:DB48) -> 0 | DF48: =SUM(DD48:DE48) -> 0 | EJ48: =SUM(EC48:ED48,DX48:DY48,DS48:DT48,DN48:DO48,DI48:DJ48,EI48,) -> 0 | EK48: =SUM(EE48:EH48,DZ48:EB48,DU48:DW48,DP48:DR48,DK48:DM48,DG48:DH48) -> 0 | EO48: =SUM(EL48:EN48) -> 0 | EY48: =SUM(EP48:EX48) -> 0 | FH48: =SUM(EZ48:FG48) -> 0 | FS48: =SUM(FI48:FR48) -> 0 | GQ48: =SUM(FT48:GP48) -> 0 | GS48: =SUM(GR48) -> 0 | HS48: =SUM(GT48:HR48) -> 0 | HV48: =SUM(HT48:HU48) -> 0 | IC48: =SUM(HW48:IB48) -> 0 | IN48: =SUM(ID48:IM48) -> 0 | IO48: =SUM(AT48,BU48,BY48,DC48,DF48,EK48,EO48,EY48,FH48,FS48,GQ48,GS48,HS48,HV48,IC48,IN48,EJ48) -> 0 | JD48: =SUM(IP48,IR48,IT48,IZ48,JB48,IX48,IV48) -> 0 | JE48: =SUM(IQ48,IS48,IU48,JA48,JC48,IY48,IW48) -> 0 | JF48: =SUM(JD48:JE48) -> 0 | JL48: =SUM(JG48:JK48) -> 0 | JO48: =SUM(JM48:JN48) -> 0 | KG48: =SUM(JP48:KF48) -> 0 | KY48: =SUM(KH48:KX48) -> 0
A49: P | B49: 30202 | C49: Parroquia Cachipo | N49: =SUM(D49:M49) -> 0 | Y49: =SUM(O49:X49) -> 0 | Z49: =IFERROR(O49/D49,0) -> 0 | AA49: =IFERROR(P49/E49,0) -> 0 | AB49: =IFERROR(Q49/F49,0) -> 0 | AC49: =IFERROR(R49/G49,0) -> 0 | AD49: =IFERROR(S49/H49,0) -> 0 | AE49: =IFERROR(T49/I49,0) -> 0 | AF49: =IFERROR(U49/J49,0) -> 0 | AG49: =IFERROR(V49/K49,0) -> 0 | ... AJ49: =IFERROR(Y49/N49,0) -> 0 | AT49: =SUM(AL49:AS49) -> 0 | BU49: =SUM(AU49:BT49) -> 0 | BY49: =SUM(BV49:BX49) -> 0 | DC49: =SUM(BZ49:DB49) -> 0 | DF49: =SUM(DD49:DE49) -> 0 | EJ49: =SUM(EC49:ED49,DX49:DY49,DS49:DT49,DN49:DO49,DI49:DJ49,EI49,) -> 0 | EK49: =SUM(EE49:EH49,DZ49:EB49,DU49:DW49,DP49:DR49,DK49:DM49,DG49:DH49) -> 0 | EO49: =SUM(EL49:EN49) -> 0 | EY49: =SUM(EP49:EX49) -> 0 | FH49: =SUM(EZ49:FG49) -> 0 | FS49: =SUM(FI49:FR49) -> 0 | GQ49: =SUM(FT49:GP49) -> 0 | GS49: =SUM(GR49) -> 0 | HS49: =SUM(GT49:HR49) -> 0 | HV49: =SUM(HT49:HU49) -> 0 | IC49: =SUM(HW49:IB49) -> 0 | IN49: =SUM(ID49:IM49) -> 0 | IO49: =SUM(AT49,BU49,BY49,DC49,DF49,EK49,EO49,EY49,FH49,FS49,GQ49,GS49,HS49,HV49,IC49,IN49,EJ49) -> 0 | JD49: =SUM(IP49,IR49,IT49,IZ49,JB49,IX49,IV49) -> 0 | JE49: =SUM(IQ49,IS49,IU49,JA49,JC49,IY49,IW49) -> 0 | JF49: =SUM(JD49:JE49) -> 0 | JL49: =SUM(JG49:JK49) -> 0 | JO49: =SUM(JM49:JN49) -> 0 | KG49: =SUM(JP49:KF49) -> 0 | KY49: =SUM(KH49:KX49) -> 0
A50: M | B50: 32000 | C50: Municipio Sir Arthur Mc Gregor | D50: =SUM(D51:D52) -> 0 | E50: =SUM(E51:E52) -> 0 | F50: =SUM(F51:F52) -> 0 | G50: =SUM(G51:G52) -> 0 | H50: =SUM(H51:H52) -> 0 | I50: =SUM(I51:I52) -> 0 | J50: =SUM(J51:J52) -> 0 | K50: =SUM(K51:K52) -> 0 | ... Y50: =SUM(Y51:Y52) -> 0 | Z50: =IFERROR(O50/D50,0) -> 0 | AA50: =IFERROR(P50/E50,0) -> 0 | AB50: =IFERROR(Q50/F50,0) -> 0 | AC50: =IFERROR(R50/G50,0) -> 0 | AD50: =IFERROR(S50/H50,0) -> 0 | AE50: =IFERROR(T50/I50,0) -> 0 | AF50: =IFERROR(U50/J50,0) -> 0 | AG50: =IFERROR(V50/K50,0) -> 0 | ... AJ50: =IFERROR(Y50/N50,0) -> 0 | AK50: =SUM(AK51:AK52) -> 0 | AL50: =SUM(AL51:AL52) -> 0 | AM50: =SUM(AM51:AM52) -> 0 | AN50: =SUM(AN51:AN52) -> 0 | AO50: =SUM(AO51:AO52) -> 0 | AP50: =SUM(AP51:AP52) -> 0 | AQ50: =SUM(AQ51:AQ52) -> 0 | AR50: =SUM(AR51:AR52) -> 0 | ... EX50: =SUM(EX51:EX52) -> 0 | EY50: =SUM(EP50:EX50) -> 0 | EZ50: =SUM(EZ51:EZ52) -> 0 | FA50: =SUM(FA51:FA52) -> 0 | FB50: =SUM(FB51:FB52) -> 0 | FC50: =SUM(FC51:FC52) -> 0 | FD50: =SUM(FD51:FD52) -> 0 | FE50: =SUM(FE51:FE52) -> 0 | FF50: =SUM(FF51:FF52) -> 0 | FG50: =SUM(FG51:FG52) -> 0 | ... GP50: =SUM(GP51:GP52) -> 0 | GQ50: =SUM(FT50:GP50) -> 0 | GR50: =SUM(GR51:GR52) -> 0 | GS50: =SUM(GS51:GS52) -> 0 | GT50: =SUM(GT51:GT52) -> 0 | GU50: =SUM(GU51:GU52) -> 0 | GV50: =SUM(GV51:GV52) -> 0 | GW50: =SUM(GW51:GW52) -> 0 | GX50: =SUM(GX51:GX52) -> 0 | GY50: =SUM(GY51:GY52) -> 0 | ... MM50: =SUM(MM51:MM52) -> 0
A51: P | B51: 32001 | C51: Parroquia Capital Sir Arthur Mc Gregor | N51: =SUM(D51:M51) -> 0 | Y51: =SUM(O51:X51) -> 0 | Z51: =IFERROR(O51/D51,0) -> 0 | AA51: =IFERROR(P51/E51,0) -> 0 | AB51: =IFERROR(Q51/F51,0) -> 0 | AC51: =IFERROR(R51/G51,0) -> 0 | AD51: =IFERROR(S51/H51,0) -> 0 | AE51: =IFERROR(T51/I51,0) -> 0 | AF51: =IFERROR(U51/J51,0) -> 0 | AG51: =IFERROR(V51/K51,0) -> 0 | ... AJ51: =IFERROR(Y51/N51,0) -> 0 | AT51: =SUM(AL51:AS51) -> 0 | BU51: =SUM(AU51:BT51) -> 0 | BY51: =SUM(BV51:BX51) -> 0 | DC51: =SUM(BZ51:DB51) -> 0 | DF51: =SUM(DD51:DE51) -> 0 | EJ51: =SUM(EC51:ED51,DX51:DY51,DS51:DT51,DN51:DO51,DI51:DJ51,EI51,) -> 0 | EK51: =SUM(EE51:EH51,DZ51:EB51,DU51:DW51,DP51:DR51,DK51:DM51,DG51:DH51) -> 0 | EO51: =SUM(EL51:EN51) -> 0 | EY51: =SUM(EP51:EX51) -> 0 | FH51: =SUM(EZ51:FG51) -> 0 | FS51: =SUM(FI51:FR51) -> 0 | GQ51: =SUM(FT51:GP51) -> 0 | GS51: =SUM(GR51) -> 0 | HS51: =SUM(GT51:HR51) -> 0 | HV51: =SUM(HT51:HU51) -> 0 | IC51: =SUM(HW51:IB51) -> 0 | IN51: =SUM(ID51:IM51) -> 0 | IO51: =SUM(AT51,BU51,BY51,DC51,DF51,EK51,EO51,EY51,FH51,FS51,GQ51,GS51,HS51,HV51,IC51,IN51,EJ51) -> 0 | JD51: =SUM(IP51,IR51,IT51,IZ51,JB51,IX51,IV51) -> 0 | JE51: =SUM(IQ51,IS51,IU51,JA51,JC51,IY51,IW51) -> 0 | JF51: =SUM(JD51:JE51) -> 0 | JL51: =SUM(JG51:JK51) -> 0 | JO51: =SUM(JM51:JN51) -> 0 | KG51: =SUM(JP51:KF51) -> 0 | KY51: =SUM(KH51:KX51) -> 0
A52: P | B52: 32002 | C52: Parroquia Tomás Alfaro Calatrava | N52: =SUM(D52:M52) -> 0 | Y52: =SUM(O52:X52) -> 0 | Z52: =IFERROR(O52/D52,0) -> 0 | AA52: =IFERROR(P52/E52,0) -> 0 | AB52: =IFERROR(Q52/F52,0) -> 0 | AC52: =IFERROR(R52/G52,0) -> 0 | AD52: =IFERROR(S52/H52,0) -> 0 | AE52: =IFERROR(T52/I52,0) -> 0 | AF52: =IFERROR(U52/J52,0) -> 0 | AG52: =IFERROR(V52/K52,0) -> 0 | ... AJ52: =IFERROR(Y52/N52,0) -> 0 | AT52: =SUM(AL52:AS52) -> 0 | BU52: =SUM(AU52:BT52) -> 0 | BY52: =SUM(BV52:BX52) -> 0 | DC52: =SUM(BZ52:DB52) -> 0 | DF52: =SUM(DD52:DE52) -> 0 | EJ52: =SUM(EC52:ED52,DX52:DY52,DS52:DT52,DN52:DO52,DI52:DJ52,EI52,) -> 0 | EK52: =SUM(EE52:EH52,DZ52:EB52,DU52:DW52,DP52:DR52,DK52:DM52,DG52:DH52) -> 0 | EO52: =SUM(EL52:EN52) -> 0 | EY52: =SUM(EP52:EX52) -> 0 | FH52: =SUM(EZ52:FG52) -> 0 | FS52: =SUM(FI52:FR52) -> 0 | GQ52: =SUM(FT52:GP52) -> 0 | GS52: =SUM(GR52) -> 0 | HS52: =SUM(GT52:HR52) -> 0 | HV52: =SUM(HT52:HU52) -> 0 | IC52: =SUM(HW52:IB52) -> 0 | IN52: =SUM(ID52:IM52) -> 0 | IO52: =SUM(AT52,BU52,BY52,DC52,DF52,EK52,EO52,EY52,FH52,FS52,GQ52,GS52,HS52,HV52,IC52,IN52,EJ52) -> 0 | JD52: =SUM(IP52,IR52,IT52,IZ52,JB52,IX52,IV52) -> 0 | JE52: =SUM(IQ52,IS52,IU52,JA52,JC52,IY52,IW52) -> 0 | JF52: =SUM(JD52:JE52) -> 0 | JL52: =SUM(JG52:JK52) -> 0 | JO52: =SUM(JM52:JN52) -> 0 | KG52: =SUM(JP52:KF52) -> 0 | KY52: =SUM(KH52:KX52) -> 0
A53: M | B53: 31700 | C53: Municipio Santa Ana | D53: =SUM(D54:D55) -> 0 | E53: =SUM(E54:E55) -> 0 | F53: =SUM(F54:F55) -> 0 | G53: =SUM(G54:G55) -> 0 | H53: =SUM(H54:H55) -> 0 | I53: =SUM(I54:I55) -> 0 | J53: =SUM(J54:J55) -> 0 | K53: =SUM(K54:K55) -> 0 | ... Y53: =SUM(Y54:Y55) -> 0 | Z53: =IFERROR(O53/D53,0) -> 0 | AA53: =IFERROR(P53/E53,0) -> 0 | AB53: =IFERROR(Q53/F53,0) -> 0 | AC53: =IFERROR(R53/G53,0) -> 0 | AD53: =IFERROR(S53/H53,0) -> 0 | AE53: =IFERROR(T53/I53,0) -> 0 | AF53: =IFERROR(U53/J53,0) -> 0 | AG53: =IFERROR(V53/K53,0) -> 0 | ... AJ53: =IFERROR(Y53/N53,0) -> 0 | AK53: =SUM(AK54:AK55) -> 0 | AL53: =SUM(AL54:AL55) -> 0 | AM53: =SUM(AM54:AM55) -> 0 | AN53: =SUM(AN54:AN55) -> 0 | AO53: =SUM(AO54:AO55) -> 0 | AP53: =SUM(AP54:AP55) -> 0 | AQ53: =SUM(AQ54:AQ55) -> 0 | AR53: =SUM(AR54:AR55) -> 0 | ... EX53: =SUM(EX54:EX55) -> 0 | EY53: =SUM(EP53:EX53) -> 0 | EZ53: =SUM(EZ54:EZ55) -> 0 | FA53: =SUM(FA54:FA55) -> 0 | FB53: =SUM(FB54:FB55) -> 0 | FC53: =SUM(FC54:FC55) -> 0 | FD53: =SUM(FD54:FD55) -> 0 | FE53: =SUM(FE54:FE55) -> 0 | FF53: =SUM(FF54:FF55) -> 0 | FG53: =SUM(FG54:FG55) -> 0 | ... GP53: =SUM(GP54:GP55) -> 0 | GQ53: =SUM(FT53:GP53) -> 0 | GR53: =SUM(GR54:GR55) -> 0 | GS53: =SUM(GS54:GS55) -> 0 | GT53: =SUM(GT54:GT55) -> 0 | GU53: =SUM(GU54:GU55) -> 0 | GV53: =SUM(GV54:GV55) -> 0 | GW53: =SUM(GW54:GW55) -> 0 | GX53: =SUM(GX54:GX55) -> 0 | GY53: =SUM(GY54:GY55) -> 0 | ... MM53: =SUM(MM54:MM55) -> 0
